USE vk;



DROP TABLE IF EXISTS `communities`;

CREATE TABLE `communities` (
  `id` int unsigned NOT NULL AUTO_INCREMENT COMMENT 'Идентификатор сроки',
  `name` varchar(150) CHARACTER SET utf8 COLLATE utf8_unicode_ci NOT NULL COMMENT 'Название группы',
  `created_at` datetime DEFAULT CURRENT_TIMESTAMP COMMENT 'Время создания строки',
  `updated_at` datetime DEFAULT CURRENT_TIMESTAMP ON UPDATE CURRENT_TIMESTAMP COMMENT 'Время обновления строки',
  PRIMARY KEY (`id`),
  UNIQUE KEY `name` (`name`)
) ENGINE=InnoDB AUTO_INCREMENT=111 DEFAULT CHARSET=utf8 COLLATE=utf8_unicode_ci COMMENT='Группы';


LOCK TABLES `communities` WRITE;
INSERT INTO `communities` VALUES (1,'officia','2008-07-23 07:10:48','1992-11-09 01:20:07'),(2,'quidem','2016-08-29 16:06:21','1999-05-06 20:54:56'),(3,'vel','2018-06-12 16:25:17','1987-10-06 14:44:30'),(4,'deserunt','2018-06-22 11:33:04','1978-12-14 01:02:00'),(5,'molestias','2006-07-16 18:38:17','2001-05-08 17:58:13'),(6,'non','1986-12-08 15:18:53','1977-01-19 06:57:31'),(7,'est','1986-01-26 11:35:24','2007-10-26 16:21:10'),(8,'sit','2014-01-25 20:04:47','1985-12-07 01:16:32'),(9,'quae','1991-12-11 22:03:45','2003-11-20 09:17:23'),(10,'qui','2004-12-05 16:08:20','1985-02-27 10:38:21'),(11,'veniam','2016-03-04 17:43:11','1983-02-04 05:02:21'),(12,'ex','2017-03-11 08:39:29','1973-06-17 01:12:29'),(13,'quasi','1974-01-14 13:03:19','2018-07-15 01:04:27'),(14,'ducimus','1989-05-16 22:04:02','1981-11-15 19:01:52'),(15,'aut','1971-04-03 17:00:37','2010-10-17 23:29:15'),(16,'nesciunt','1998-05-09 23:49:03','1980-06-27 21:18:32'),(17,'at','1974-02-10 14:25:04','2012-09-15 18:16:13'),(18,'amet','1992-05-01 13:23:47','2018-03-12 10:27:19'),(19,'ipsum','2015-03-19 20:37:51','2004-01-21 06:33:49'),(20,'nihil','2019-11-17 16:03:58','1975-02-05 00:34:47'),(21,'modi','2015-04-05 04:14:54','1994-01-21 23:02:43'),(22,'quibusdam','1994-07-17 21:39:06','2014-10-16 15:33:12'),(23,'praesentium','1988-01-27 08:24:26','2006-12-04 21:57:44'),(24,'molestiae','1994-02-28 04:50:26','2018-06-04 05:10:40'),(25,'ad','1989-02-01 09:02:18','1974-05-15 15:34:59'),(26,'quia','2008-06-20 19:09:05','1975-09-13 06:40:16'),(27,'laudantium','2000-05-04 12:12:04','1975-08-01 05:34:37'),(28,'possimus','1990-05-31 15:00:12','2006-01-08 02:34:58'),(29,'blanditiis','1986-04-04 03:18:07','2008-07-22 13:58:49'),(30,'dolorem','2005-08-31 13:52:50','1986-03-16 20:52:52'),(31,'iusto','1974-03-26 20:48:42','2009-11-13 01:50:28'),(32,'unde','1981-01-29 00:08:21','1991-12-30 17:52:26'),(33,'dolore','1986-10-19 00:52:14','2011-07-02 08:58:58'),(34,'consequuntur','1982-06-06 11:53:35','2000-02-23 23:57:12'),(35,'et','1973-05-10 08:13:15','1992-06-29 16:00:12'),(36,'reiciendis','1988-03-13 14:35:25','2004-03-26 11:38:15'),(37,'ut','2006-07-19 00:10:06','2012-01-30 09:01:11'),(38,'illo','1973-05-03 02:59:08','2000-09-11 06:36:27'),(39,'totam','2001-10-30 08:17:55','2007-12-26 20:58:31'),(40,'beatae','1989-06-03 21:56:36','2000-12-21 13:21:59'),(41,'minus','1977-12-17 21:29:32','2006-09-29 04:13:54'),(42,'eos','2010-08-10 21:36:51','2016-10-31 01:35:32'),(43,'repudiandae','2014-08-11 01:01:07','2017-01-08 18:11:05'),(44,'odio','1997-02-10 14:49:34','1996-06-26 22:58:59'),(45,'eum','1983-03-17 14:59:12','2002-04-09 21:33:47'),(46,'ea','2005-02-24 08:37:51','1984-03-23 01:49:36'),(47,'delectus','2016-07-31 00:57:15','2009-04-21 19:12:16'),(48,'omnis','1998-12-08 01:51:47','1989-08-17 23:59:51'),(49,'doloribus','2012-10-06 13:17:49','1988-01-04 16:51:56'),(50,'consequatur','2018-10-21 06:49:05','1975-12-02 22:51:06'),(51,'iure','1997-01-21 21:56:13','1985-10-06 04:33:40'),(52,'tenetur','1981-02-02 15:44:34','1979-08-21 00:29:26'),(53,'hic','1973-09-04 01:51:20','2005-09-01 00:06:39'),(54,'occaecati','2001-07-26 11:35:42','2016-07-26 05:30:28'),(55,'sed','1988-12-18 01:30:06','1979-01-01 17:00:49'),(56,'quis','1984-07-13 03:28:23','1988-03-16 13:55:00'),(57,'repellendus','1978-08-14 06:47:02','2013-08-13 12:27:55'),(58,'voluptatibus','1982-01-09 11:28:38','2010-12-26 13:20:54'),(59,'vero','2016-05-29 14:01:49','2008-10-10 15:10:12'),(60,'voluptatem','1988-06-30 04:17:43','1982-02-20 03:51:55'),(61,'deleniti','1973-02-27 20:20:51','2002-07-07 21:08:33'),(62,'ullam','2014-05-08 15:47:16','2018-07-17 12:47:26'),(63,'quas','2015-10-16 02:23:40','1994-12-04 19:35:52'),(64,'placeat','2013-01-28 09:01:06','1999-01-05 02:00:37'),(65,'optio','2002-06-15 00:40:02','1970-09-03 04:33:26'),(66,'rem','2013-09-08 03:35:15','2005-09-05 19:36:24'),(67,'nam','2002-11-17 05:58:29','2013-04-30 21:17:10'),(68,'sint','2011-01-29 08:34:48','1991-12-23 04:02:28'),(69,'numquam','1999-10-20 13:53:58','2011-01-10 19:31:58'),(70,'dicta','1986-08-02 19:09:08','2007-06-05 18:05:22'),(71,'eaque','2013-12-22 00:25:20','1986-01-02 13:53:28'),(72,'corporis','2010-07-20 22:35:19','1972-04-14 00:51:33'),(73,'assumenda','1983-05-20 12:22:07','1994-08-16 22:13:33'),(74,'natus','1988-10-24 22:42:53','1981-08-02 04:45:30'),(75,'iste','2019-10-22 04:49:29','1977-04-03 00:49:44'),(76,'veritatis','2018-04-09 07:10:59','1987-04-24 21:55:51'),(77,'id','2008-09-04 10:56:37','1993-04-12 02:26:09'),(78,'maiores','1970-08-22 01:28:20','2007-05-27 21:40:16'),(79,'asperiores','2000-11-28 19:31:41','1991-03-25 17:06:11'),(80,'error','1987-12-14 13:50:17','2016-11-20 17:41:37'),(81,'rerum','2014-04-18 09:19:20','1972-08-20 10:02:40'),(82,'porro','1978-11-04 12:07:56','2019-05-01 12:20:25'),(83,'eveniet','1994-07-15 19:21:49','2008-04-18 09:20:02'),(84,'provident','2014-01-18 14:25:13','2019-05-27 19:54:41'),(85,'sunt','2006-07-27 05:37:56','1980-10-06 07:07:22'),(86,'aperiam','2003-10-03 03:41:58','2015-11-14 16:01:04'),(87,'soluta','1970-06-08 06:48:41','1990-03-11 18:56:48'),(88,'laborum','1978-02-21 18:36:34','1971-03-24 19:04:32'),(89,'accusamus','1995-06-07 07:51:06','1975-09-23 22:25:20'),(90,'expedita','1975-03-09 06:17:03','1990-11-10 19:08:29'),(91,'in','1973-06-13 20:33:39','2009-08-18 02:17:21'),(92,'dolor','1982-07-30 08:56:57','2009-03-06 18:31:08'),(93,'magni','1995-02-24 05:15:00','2002-08-02 01:46:51'),(94,'recusandae','2013-09-23 04:27:29','2001-05-04 21:36:18'),(95,'odit','1980-11-06 20:01:31','1979-06-24 08:07:55'),(96,'incidunt','1978-06-21 07:26:48','2006-01-26 01:51:59'),(97,'dolores','2013-02-27 18:35:19','2012-05-01 23:44:16'),(98,'cum','1973-10-01 13:32:03','2019-06-04 20:01:04'),(99,'voluptas','2016-07-13 13:03:57','1985-03-04 16:07:19'),(100,'magnam','1985-04-13 22:16:37','2016-10-15 23:34:20'),(101,'accusantium','2004-04-01 15:23:48','1993-01-27 22:05:41'),(102,'commodi','1998-05-26 05:22:01','2003-10-17 00:19:21'),(103,'suscipit','1980-10-24 06:45:33','2014-07-06 00:36:09'),(104,'a','1998-02-03 15:05:06','2014-01-29 22:59:22'),(105,'quod','2016-03-01 22:59:54','1999-04-28 21:16:10'),(106,'repellat','2003-12-17 13:56:17','2015-04-12 11:06:47'),(107,'enim','2012-05-01 17:48:58','1986-01-10 17:02:54'),(108,'consectetur','1974-06-01 05:37:39','1989-03-20 02:29:35'),(109,'aliquam','1973-02-28 07:00:45','1998-11-22 18:49:34'),(110,'harum','1987-02-12 06:51:54','2002-08-17 00:21:32');
UNLOCK TABLES;

DROP TABLE IF EXISTS `communities_users`;
CREATE TABLE `communities_users` (
  `community_id` int unsigned NOT NULL COMMENT 'Ссылка на группу',
  `user_id` int unsigned NOT NULL COMMENT 'Ссылка на пользователя',
  `created_at` datetime DEFAULT CURRENT_TIMESTAMP COMMENT 'Время создания строки',
  PRIMARY KEY (`community_id`,`user_id`) COMMENT 'Составной первичный ключ'
) ENGINE=InnoDB DEFAULT CHARSET=utf8 COLLATE=utf8_unicode_ci COMMENT='Участники групп, связь между пользователями и группами';

LOCK TABLES `communities_users` WRITE;
INSERT INTO `communities_users` VALUES (1,1,'2005-02-21 11:55:24'),(2,2,'1978-10-06 10:56:31'),(3,3,'2016-08-12 05:39:09'),(4,4,'2018-03-30 10:50:44'),(5,5,'1980-08-28 13:47:29'),(6,6,'2014-05-27 05:08:43'),(7,7,'1985-01-19 10:17:57'),(8,8,'2000-01-25 07:47:40'),(9,9,'2010-09-30 09:10:00'),(10,10,'1996-03-13 03:41:31'),(11,11,'1978-10-14 13:50:51'),(12,12,'1986-08-29 07:32:46'),(13,13,'1999-11-30 14:53:33'),(14,14,'2007-09-20 14:53:09'),(15,15,'1971-08-13 05:01:08'),(16,16,'2000-12-02 03:22:54'),(17,17,'1994-03-19 11:53:46'),(18,18,'2020-07-20 08:30:27'),(19,19,'1996-04-02 07:02:57'),(20,20,'2015-07-10 09:26:27'),(21,21,'1974-02-19 19:07:19'),(22,22,'1996-12-16 23:09:35'),(23,23,'1996-03-06 10:11:10'),(24,24,'2016-03-30 12:40:42'),(25,25,'1986-07-20 23:39:49'),(26,26,'1971-12-30 08:08:11'),(27,27,'1975-07-03 09:57:24'),(28,28,'1998-06-27 17:49:33'),(29,29,'1999-08-04 05:30:43'),(30,30,'1997-02-07 16:28:55'),(31,31,'2009-03-14 03:29:42'),(32,32,'1998-04-21 00:36:27'),(33,33,'1982-07-11 10:26:34'),(34,34,'2017-03-01 18:46:00'),(35,35,'1990-10-06 20:36:40'),(36,36,'2010-04-04 16:03:58'),(37,37,'1971-02-18 02:47:15'),(38,38,'1994-09-28 22:37:18'),(39,39,'2017-06-01 07:26:09'),(40,40,'1987-11-07 15:39:10'),(41,41,'2018-11-28 21:16:32'),(42,42,'1987-07-19 11:36:08'),(43,43,'1971-10-09 10:31:11'),(44,44,'2002-12-18 18:55:21'),(45,45,'2011-10-11 08:45:03'),(46,46,'1975-05-10 07:12:07'),(47,47,'1982-11-08 08:03:07'),(48,48,'1973-12-27 15:34:51'),(49,49,'2020-07-21 11:17:00'),(50,50,'1998-08-28 23:33:35'),(51,51,'2013-03-21 08:51:49'),(52,52,'1970-12-30 12:17:39'),(53,53,'1971-05-27 07:57:58'),(54,54,'1975-06-23 19:01:25'),(55,55,'1976-12-22 22:03:58'),(56,56,'2003-01-28 15:36:38'),(57,57,'1987-04-11 07:31:09'),(58,58,'2011-03-29 20:29:39'),(59,59,'2000-08-15 06:53:47'),(60,60,'2003-06-08 01:54:23'),(61,61,'2012-08-05 20:12:45'),(62,62,'1971-10-27 06:23:56'),(63,63,'2020-06-26 23:51:26'),(64,64,'1992-11-05 18:05:08'),(65,65,'1999-05-21 18:19:08'),(66,66,'1986-04-13 01:54:20'),(67,67,'1980-07-13 14:54:51'),(68,68,'1987-07-22 03:25:19'),(69,69,'2009-05-04 02:16:09'),(70,70,'2010-09-18 01:00:24'),(71,71,'1984-12-18 04:07:06'),(72,72,'1993-10-27 02:55:09'),(73,73,'1993-05-19 10:55:27'),(74,74,'1980-06-25 11:29:08'),(75,75,'1979-08-03 00:01:36'),(76,76,'1991-02-22 09:56:00'),(77,77,'2000-02-24 14:27:30'),(78,78,'1983-06-24 19:55:28'),(79,79,'1993-01-18 13:31:53'),(80,80,'1986-11-15 18:29:11'),(81,81,'2004-01-22 06:38:11'),(82,82,'1999-02-11 01:24:42'),(83,83,'1989-05-12 14:43:15'),(84,84,'2018-09-24 03:45:55'),(85,85,'1988-11-01 05:05:17'),(86,86,'1997-07-26 16:42:49'),(87,87,'1995-04-14 09:41:53'),(88,88,'1985-09-16 17:10:06'),(89,89,'1997-06-10 22:35:11'),(90,90,'2009-12-30 23:25:22'),(91,91,'1980-07-29 02:38:50'),(92,92,'1985-11-14 23:42:18'),(93,93,'2007-04-19 11:41:32'),(94,94,'2013-05-27 09:13:36'),(95,95,'2008-07-31 08:50:44'),(96,96,'2007-02-04 20:13:06'),(97,97,'1995-07-12 20:45:13'),(98,98,'1980-09-18 20:46:34'),(99,99,'1975-08-30 11:38:33'),(100,100,'1975-01-22 20:13:44');
UNLOCK TABLES;


DROP TABLE IF EXISTS `friendship`;
CREATE TABLE `friendship` (
  `user_id` int unsigned NOT NULL COMMENT 'Ссылка на инициатора дружеских отношений',
  `friend_id` int unsigned NOT NULL COMMENT 'Ссылка на получателя приглашения дружить',
  `status_id` int unsigned NOT NULL COMMENT 'Ссылка на статус (текущее состояние) отношений',
  `requested_at` datetime DEFAULT CURRENT_TIMESTAMP COMMENT 'Время отправления приглашения дружить',
  `confirmed_at` datetime DEFAULT NULL COMMENT 'Время подтверждения приглашения',
  `created_at` datetime DEFAULT CURRENT_TIMESTAMP COMMENT 'Время создания строки',
  `updated_at` datetime DEFAULT CURRENT_TIMESTAMP ON UPDATE CURRENT_TIMESTAMP COMMENT 'Время обновления строки',
  PRIMARY KEY (`user_id`,`friend_id`) COMMENT 'Составной первичный ключ'
) ENGINE=InnoDB DEFAULT CHARSET=utf8 COLLATE=utf8_unicode_ci COMMENT='Таблица дружбы';

LOCK TABLES `friendship` WRITE;
INSERT INTO `friendship` VALUES (1,1,1,'1985-11-05 03:12:58','1996-04-23 16:02:31','1980-09-12 11:29:19','1977-03-21 10:52:15'),(2,2,2,'2005-10-21 05:25:47','2009-11-08 03:05:06','2007-01-24 13:21:58','1989-07-08 03:16:41'),(3,3,3,'1977-01-08 17:12:20','1983-08-26 08:16:55','1990-12-29 15:04:42','1982-01-30 04:48:48'),(4,4,4,'1976-08-29 06:25:17','1995-10-06 17:59:35','2016-03-07 08:03:04','2014-12-30 02:58:54'),(5,5,5,'1985-01-14 20:01:03','1976-06-25 23:45:47','2010-03-25 16:09:32','1973-08-01 20:18:30'),(6,6,6,'1973-06-06 13:15:43','2003-03-26 15:12:43','1990-02-20 13:14:21','2001-10-21 18:12:53'),(7,7,7,'1974-10-29 06:00:24','2007-12-03 16:05:56','1982-10-30 21:37:52','2017-09-27 20:36:52'),(8,8,8,'2011-04-17 15:40:54','2000-10-06 04:52:05','2004-08-16 22:31:31','2002-09-20 12:14:15'),(9,9,9,'2009-02-13 05:13:07','1979-05-27 03:37:31','1974-07-07 02:05:41','1972-03-28 11:42:13'),(10,10,10,'1987-10-25 00:59:12','1977-06-13 20:04:03','1971-07-28 06:46:43','1980-12-17 10:14:12'),(11,11,1,'1977-09-14 14:02:08','1986-07-28 12:15:58','1981-10-22 15:39:14','1973-10-10 06:25:10'),(12,12,2,'2000-08-28 13:17:51','1978-03-04 06:57:05','2006-08-31 07:08:56','1983-09-26 22:20:49'),(13,13,3,'1979-10-02 16:23:33','1998-02-24 01:56:50','2008-06-12 12:11:09','1973-01-19 16:57:16'),(14,14,4,'2009-06-18 17:30:50','1991-09-22 01:08:02','1987-08-09 14:15:42','1971-10-29 23:39:17'),(15,15,5,'2017-05-16 10:02:36','1974-10-29 11:06:56','2018-10-15 10:22:34','1988-07-06 20:42:41'),(16,16,6,'1993-02-16 19:51:29','2015-03-25 10:50:49','2004-09-19 12:47:25','1989-04-20 15:23:12'),(17,17,7,'1981-05-06 07:01:11','2012-07-30 00:39:59','1982-03-30 01:47:13','2013-03-08 15:37:55'),(18,18,8,'1970-12-26 11:48:22','2015-02-03 02:13:11','1971-06-30 16:34:04','1991-02-17 22:27:52'),(19,19,9,'2005-03-12 09:23:10','2012-08-29 15:23:01','2002-02-01 02:26:32','2000-07-02 07:58:08'),(20,20,10,'1972-05-10 22:42:57','1970-08-15 19:26:04','1973-11-03 08:43:14','2008-06-24 11:11:33'),(21,21,1,'1976-12-19 15:23:00','1999-04-04 09:25:09','1984-10-19 15:47:30','1973-11-11 02:07:57'),(22,22,2,'1976-09-11 03:10:31','2019-12-31 18:47:11','2013-04-03 08:25:00','1998-05-07 11:16:36'),(23,23,3,'1978-02-22 00:53:51','2016-09-20 11:31:08','1995-08-03 18:17:24','1971-05-12 17:53:29'),(24,24,4,'2020-03-12 02:20:54','1992-05-01 06:10:08','2020-03-15 00:39:39','1974-09-21 21:41:57'),(25,25,5,'1979-03-19 17:05:31','1989-05-07 03:39:51','1978-11-02 21:31:49','1995-08-09 07:13:12'),(26,26,6,'1995-08-23 15:21:43','1995-06-04 05:51:19','2002-08-18 00:40:59','1995-11-19 14:17:19'),(27,27,7,'2008-05-06 22:09:06','1990-02-03 22:18:35','1992-08-17 04:52:48','1979-12-19 11:56:51'),(28,28,8,'2013-05-02 06:10:36','2017-11-07 10:59:20','2001-02-06 08:52:21','2008-12-10 21:38:06'),(29,29,9,'2005-10-03 16:22:07','1986-10-15 14:20:35','1977-12-11 17:12:51','1983-01-08 14:53:35'),(30,30,10,'2002-09-25 08:29:14','1992-08-18 11:20:17','1971-02-09 19:27:55','2004-01-27 15:30:47'),(31,31,1,'1981-10-17 14:08:31','2001-10-23 23:05:43','1992-02-04 10:37:16','2000-02-09 09:47:08'),(32,32,2,'1976-05-30 23:44:34','2002-05-26 01:06:43','2008-12-28 21:27:56','1976-06-03 17:31:44'),(33,33,3,'2012-03-27 01:11:09','1985-12-10 16:13:07','2007-11-03 21:15:01','2007-12-10 21:42:45'),(34,34,4,'1980-08-14 16:40:06','1997-06-08 19:40:02','1989-04-19 10:50:20','1985-12-07 18:01:19'),(35,35,5,'1990-12-03 13:51:31','2009-10-30 14:10:48','1995-11-04 13:41:21','1999-09-27 19:36:55'),(36,36,6,'1970-10-22 11:24:42','2008-03-01 04:49:36','2016-03-23 12:31:28','2005-05-12 21:16:07'),(37,37,7,'1972-11-18 23:03:10','1997-01-19 21:17:23','1992-03-13 17:45:42','1972-11-18 10:01:23'),(38,38,8,'1983-12-18 00:18:39','2016-12-18 13:18:37','1975-01-11 13:29:48','2000-08-28 00:47:41'),(39,39,9,'2013-08-14 19:21:23','2007-11-14 02:50:38','1979-01-02 16:29:34','2020-05-03 08:04:08'),(40,40,10,'1986-11-02 19:06:55','1970-05-23 17:34:23','1973-02-26 17:38:02','1984-07-24 15:10:21'),(41,41,1,'2016-02-20 06:55:49','2016-11-30 07:33:24','1994-08-27 14:58:43','1978-06-04 06:54:27'),(42,42,2,'1987-03-25 05:27:37','2017-01-09 07:11:58','1973-10-27 03:21:05','1981-02-20 02:13:29'),(43,43,3,'2013-12-18 04:18:08','2018-03-20 17:53:55','2011-09-10 03:10:43','2010-06-16 19:07:54'),(44,44,4,'1987-02-17 13:10:05','2015-06-27 13:22:06','2003-09-01 04:29:06','2004-06-08 18:11:13'),(45,45,5,'2001-03-07 15:24:09','1987-03-31 13:56:11','1984-04-01 07:41:08','1984-04-07 23:26:10'),(46,46,6,'1985-06-11 02:00:04','2011-10-31 17:33:06','2013-10-19 11:10:03','2004-11-13 22:11:44'),(47,47,7,'1970-07-03 02:23:23','1983-10-31 00:26:58','2007-11-09 17:39:24','1994-05-12 01:03:42'),(48,48,8,'2001-08-29 06:41:07','2010-04-04 19:20:56','2001-11-24 07:40:04','1997-06-09 13:35:54'),(49,49,9,'2018-12-01 21:49:46','2015-05-13 12:59:41','2006-09-27 02:51:11','1971-04-01 08:32:06'),(50,50,10,'1973-12-05 04:03:29','2002-07-16 06:42:46','2014-07-27 10:56:28','1979-01-15 15:50:53'),(51,51,1,'2008-01-16 20:23:48','1982-01-30 01:44:03','1976-05-06 16:21:02','2002-02-05 08:06:27'),(52,52,2,'1976-05-21 23:40:07','1991-12-30 21:03:47','2007-06-18 18:06:40','1988-04-29 13:58:55'),(53,53,3,'2007-11-20 08:45:35','1990-08-04 19:04:56','1998-09-05 01:02:10','1973-09-13 18:42:50'),(54,54,4,'2001-12-24 20:27:35','2008-08-20 15:52:35','1972-07-09 07:55:14','2011-05-10 11:25:28'),(55,55,5,'1999-12-08 21:57:14','1992-01-21 19:14:59','1980-03-15 20:08:07','1972-01-05 12:51:38'),(56,56,6,'2012-07-31 07:38:37','2020-06-01 09:36:22','2008-12-20 04:46:32','2010-06-21 22:36:27'),(57,57,7,'1984-12-11 03:40:32','2019-02-08 07:27:29','1975-10-25 14:23:49','2007-06-13 14:34:27'),(58,58,8,'1980-07-26 16:44:50','2004-05-28 23:37:00','1976-06-09 12:26:13','2019-10-26 01:49:23'),(59,59,9,'2017-03-27 23:39:41','2007-10-18 12:08:46','2010-04-12 01:40:14','1971-06-05 21:57:31'),(60,60,10,'2004-07-25 22:23:59','2013-04-11 11:00:48','1999-06-21 03:00:08','1979-09-04 04:20:32'),(61,61,1,'1991-11-25 04:32:27','1990-08-14 14:57:33','1972-08-20 19:01:42','1994-12-03 20:04:02'),(62,62,2,'1991-02-03 10:42:59','2000-11-14 17:11:50','1994-03-16 07:46:16','2018-04-06 12:29:03'),(63,63,3,'2010-01-09 15:13:58','1997-10-28 11:54:18','1980-02-19 17:05:16','2000-01-12 01:05:01'),(64,64,4,'1977-06-17 05:59:40','1977-06-08 06:51:06','1987-04-25 22:05:15','2020-03-18 20:11:45'),(65,65,5,'1989-04-19 08:50:32','2008-08-11 05:29:20','2010-10-31 05:11:10','2002-01-23 13:53:14'),(66,66,6,'1970-04-03 23:37:36','1985-02-07 23:50:45','2010-01-19 13:45:06','2018-06-11 08:56:15'),(67,67,7,'1973-03-21 11:31:14','2017-11-14 07:59:53','1990-06-11 02:12:20','1970-07-08 12:55:07'),(68,68,8,'1993-12-25 12:12:40','2003-10-26 18:38:22','2008-09-12 04:03:15','1996-08-04 09:00:35'),(69,69,9,'1977-06-10 03:31:58','2009-10-07 23:11:28','1972-09-21 01:15:24','2005-08-28 20:06:35'),(70,70,10,'2014-07-30 00:31:39','1990-04-12 17:27:31','2016-11-07 08:42:59','1992-04-18 12:27:48'),(71,71,1,'1974-10-04 11:37:38','1971-10-02 21:42:24','1983-02-25 22:22:57','1997-07-17 04:35:18'),(72,72,2,'1999-07-21 03:33:06','2016-03-21 19:15:42','2010-10-25 10:30:22','2003-04-30 14:42:27'),(73,73,3,'1994-03-02 15:16:54','1992-10-01 00:20:08','1983-06-11 15:34:03','2011-05-08 14:13:59'),(74,74,4,'1994-04-02 13:21:07','1982-07-17 20:55:30','2002-08-04 02:04:07','2003-04-09 00:05:42'),(75,75,5,'1978-06-29 14:55:09','1997-12-27 12:00:56','1995-10-31 15:17:20','2007-04-05 16:30:15'),(76,76,6,'2006-04-14 07:01:04','2002-12-26 21:50:41','1996-06-18 11:51:36','1981-07-11 23:03:00'),(77,77,7,'1976-07-17 16:15:25','1982-02-23 10:34:01','1971-06-20 04:07:16','1994-08-23 10:32:24'),(78,78,8,'1994-03-09 08:24:16','1996-11-27 16:21:05','1970-07-10 16:28:48','2017-03-18 02:01:28'),(79,79,9,'2002-03-31 10:07:45','1980-08-20 04:39:57','1975-03-18 01:23:46','1980-05-24 03:57:00'),(80,80,10,'1978-03-19 08:00:58','1986-08-02 21:17:36','1976-06-26 15:42:29','2017-08-24 23:14:34'),(81,81,1,'1989-05-05 05:08:58','1978-09-18 08:52:19','1984-10-12 00:17:54','1989-04-19 18:57:00'),(82,82,2,'2008-01-30 04:27:39','1989-07-30 12:23:05','1975-01-21 13:10:36','1992-05-25 06:15:37'),(83,83,3,'1999-04-21 22:39:11','2013-08-19 16:20:17','2009-11-03 19:48:02','1978-06-19 08:06:30'),(84,84,4,'1976-04-26 10:20:15','1990-09-07 03:34:36','1988-08-06 20:40:17','1979-06-14 12:53:32'),(85,85,5,'2001-07-15 13:28:29','1971-10-27 09:07:35','2015-12-14 23:22:04','2004-09-02 09:23:56'),(86,86,6,'2013-01-31 21:35:10','1996-03-05 05:21:18','1978-08-01 06:13:47','2005-03-08 17:10:27'),(87,87,7,'2019-08-07 10:56:19','1975-09-08 13:48:42','2004-07-06 19:43:05','1990-11-02 02:50:25'),(88,88,8,'1997-07-07 12:50:40','1981-09-18 18:06:28','1985-11-26 03:48:50','1989-07-02 18:20:52'),(89,89,9,'1986-07-07 19:25:05','2009-03-18 02:49:01','1975-08-06 08:46:33','2018-02-09 21:31:52'),(90,90,10,'2009-05-17 22:31:01','1994-06-03 14:47:56','2007-04-07 22:09:17','2002-08-19 16:14:58'),(91,91,1,'1989-11-16 06:57:54','2008-06-17 04:38:26','1987-06-12 18:00:05','1971-06-16 14:13:41'),(92,92,2,'1991-03-12 02:47:40','2002-11-12 01:46:15','2003-09-07 09:37:24','1981-09-19 19:12:03'),(93,93,3,'1988-02-24 23:58:42','1979-06-27 12:05:52','2010-05-04 08:25:34','1990-07-17 15:50:10'),(94,94,4,'2013-07-21 03:04:50','1989-09-02 06:14:45','2008-03-19 16:18:23','1997-03-25 23:40:16'),(95,95,5,'1980-05-09 23:25:50','2017-05-05 05:37:13','2013-02-20 21:06:17','2002-10-21 19:12:57'),(96,96,6,'1971-09-13 08:27:30','2017-07-29 15:13:59','2010-06-07 15:26:42','1985-10-06 16:49:20'),(97,97,7,'2017-03-03 20:17:27','2000-08-23 22:42:14','1987-10-27 04:08:12','2003-03-30 01:08:01'),(98,98,8,'1998-03-12 05:09:06','2002-02-13 08:48:07','2008-08-01 10:35:36','2010-10-01 06:38:10'),(99,99,9,'2000-07-10 09:32:23','2000-07-18 09:26:37','1997-02-14 07:24:16','2019-10-30 08:44:43'),(100,100,10,'1980-01-31 00:17:58','2010-02-17 21:21:33','2011-01-06 17:41:20','2013-04-02 22:38:23'),(101,101,1,'1977-07-21 04:59:33','1993-06-13 17:42:34','1975-05-25 20:30:42','2000-09-09 07:17:36'),(102,102,2,'1976-10-23 22:30:11','1991-11-06 02:05:09','1997-07-28 10:21:43','2004-11-19 17:53:06'),(103,103,3,'2010-05-31 11:21:26','2002-10-05 10:28:57','2017-07-01 17:29:57','2019-01-07 07:10:47'),(104,104,4,'2017-05-26 09:29:26','1992-04-04 14:52:05','1997-04-29 02:41:22','1993-04-06 02:04:17'),(105,105,5,'2008-08-09 14:29:12','1994-12-01 21:54:24','1988-03-04 05:56:10','1989-06-28 12:15:46'),(106,106,6,'1988-12-11 01:10:18','2004-05-29 10:26:13','1977-04-22 19:52:44','2001-03-20 03:28:11'),(107,107,7,'2009-07-06 00:40:32','2010-02-28 19:48:14','1985-05-24 14:14:52','1977-01-15 06:28:38'),(108,108,8,'2001-03-02 10:25:29','1988-11-02 20:03:06','1995-12-29 11:12:47','1987-12-27 10:34:08'),(109,109,9,'1981-04-11 08:57:45','1998-09-26 07:08:40','2016-01-21 15:00:59','1985-08-02 21:41:41'),(110,110,10,'1977-04-08 01:01:35','1986-04-19 09:05:03','1972-07-03 07:17:15','2002-03-13 06:20:48');
UNLOCK TABLES;

DROP TABLE IF EXISTS `friendship_statuses`;
CREATE TABLE `friendship_statuses` (
  `id` int unsigned NOT NULL AUTO_INCREMENT COMMENT 'Идентификатор строки',
  `name` varchar(150) CHARACTER SET utf8 COLLATE utf8_unicode_ci NOT NULL COMMENT 'Название статуса',
  `created_at` datetime DEFAULT CURRENT_TIMESTAMP COMMENT 'Время создания строки',
  `updated_at` datetime DEFAULT CURRENT_TIMESTAMP ON UPDATE CURRENT_TIMESTAMP COMMENT 'Время обновления строки',
  PRIMARY KEY (`id`),
  UNIQUE KEY `name` (`name`)
) ENGINE=InnoDB AUTO_INCREMENT=11 DEFAULT CHARSET=utf8 COLLATE=utf8_unicode_ci COMMENT='Статусы дружбы';


LOCK TABLES `friendship_statuses` WRITE;
INSERT INTO `friendship_statuses` VALUES (1,'pariatur','1977-03-18 01:27:42','2011-08-22 08:32:57'),(2,'quam','2011-03-31 12:21:18','2020-03-05 12:22:57'),(3,'iusto','1994-04-02 11:44:27','1992-08-07 21:15:32'),(4,'sapiente','2010-09-17 07:22:02','1978-07-09 22:11:24'),(5,'ipsum','1988-09-23 22:32:15','1970-06-10 23:47:54'),(6,'accusamus','1983-12-04 10:35:56','1971-03-17 20:20:50'),(7,'reprehenderit','1988-08-23 11:21:05','1996-06-17 02:13:02'),(8,'soluta','2017-04-04 12:09:24','2015-07-04 12:12:05'),(9,'natus','1987-02-17 23:57:20','2000-09-19 09:54:09'),(10,'illum','2002-12-16 17:17:59','1984-12-18 14:54:45');
UNLOCK TABLES;

DROP TABLE IF EXISTS `media`;
CREATE TABLE `media` (
  `id` int unsigned NOT NULL AUTO_INCREMENT COMMENT 'Идентификатор строки',
  `user_id` int unsigned NOT NULL COMMENT 'Ссылка на пользователя, который загрузил файл',
  `filename` varchar(255) CHARACTER SET utf8 COLLATE utf8_unicode_ci NOT NULL COMMENT 'Путь к файлу',
  `size` int NOT NULL COMMENT 'Размер файла',
  `metadata` longtext CHARACTER SET utf8mb4 COLLATE utf8mb4_bin COMMENT 'Метаданные файла',
  `media_type_id` int unsigned NOT NULL COMMENT 'Ссылка на тип контента',
  `created_at` datetime DEFAULT CURRENT_TIMESTAMP COMMENT 'Время создания строки',
  `updated_at` datetime DEFAULT CURRENT_TIMESTAMP ON UPDATE CURRENT_TIMESTAMP COMMENT 'Время обновления строки',
  PRIMARY KEY (`id`),
  CONSTRAINT `media_chk_1` CHECK (json_valid(`metadata`))
) ENGINE=InnoDB AUTO_INCREMENT=111 DEFAULT CHARSET=utf8 COLLATE=utf8_unicode_ci COMMENT='Медиафайлы';

LOCK TABLES `media` WRITE;
INSERT INTO `media` VALUES (1,1,'odit',4752,NULL,1,'1999-01-28 21:35:27','2008-10-23 21:19:15'),(2,2,'adipisci',373,NULL,2,'1992-11-02 09:58:25','1990-04-05 06:15:27'),(3,3,'voluptate',361102037,NULL,3,'1974-11-16 15:02:53','1986-10-23 18:20:03'),(4,4,'asperiores',4811,NULL,4,'1970-05-20 09:19:37','1995-01-11 08:50:39'),(5,5,'ut',90,NULL,5,'2005-04-10 19:40:50','2016-09-03 14:36:13'),(6,6,'deserunt',0,NULL,6,'1979-08-27 23:59:52','2011-05-30 23:35:54'),(7,7,'eligendi',63928655,NULL,7,'1983-01-20 14:27:19','1994-10-02 15:50:13'),(8,8,'ducimus',644,NULL,8,'1980-03-30 01:16:05','2018-04-27 01:15:49'),(9,9,'cumque',726266,NULL,9,'1998-07-03 23:25:44','1984-11-14 23:13:32'),(10,10,'qui',0,NULL,10,'1993-09-09 15:28:36','2004-08-07 13:41:44'),(11,11,'minus',76763917,NULL,1,'1978-12-01 13:57:14','2003-05-19 14:30:53'),(12,12,'reprehenderit',0,NULL,2,'1997-09-08 03:43:05','1980-08-18 00:29:50'),(13,13,'eum',806701094,NULL,3,'1996-09-02 13:22:27','2014-11-20 03:03:47'),(14,14,'inventore',40454,NULL,4,'1974-03-28 07:02:03','1992-02-26 04:02:43'),(15,15,'praesentium',64154899,NULL,5,'2011-03-18 10:41:27','1992-03-06 23:23:31'),(16,16,'porro',2140,NULL,6,'1982-09-20 09:14:44','2017-03-11 20:45:25'),(17,17,'laborum',5072,NULL,7,'2020-03-29 17:07:33','1973-06-13 23:06:06'),(18,18,'quia',454539,NULL,8,'1989-03-13 00:00:56','1970-03-20 05:16:42'),(19,19,'veniam',866719,NULL,9,'1990-11-29 19:48:00','1970-10-18 20:33:50'),(20,20,'voluptatem',44283499,NULL,10,'2000-12-03 16:37:57','2007-02-11 19:04:20'),(21,21,'facere',964293,NULL,1,'1990-06-22 00:23:23','1983-10-18 13:17:55'),(22,22,'nulla',2628,NULL,2,'1998-06-07 22:47:26','1974-01-07 19:18:13'),(23,23,'sint',0,NULL,3,'2008-07-25 20:29:51','1979-04-01 06:17:15'),(24,24,'eaque',81322,NULL,4,'1989-01-28 00:01:19','2012-03-01 04:12:43'),(25,25,'vitae',3596584,NULL,5,'2019-04-28 00:53:37','1988-12-28 22:07:35'),(26,26,'consequatur',4108,NULL,6,'1982-10-22 19:04:06','2008-07-27 18:12:57'),(27,27,'voluptatem',0,NULL,7,'2001-05-29 17:46:56','1979-04-26 17:12:20'),(28,28,'consectetur',74204672,NULL,8,'2012-08-07 07:35:49','1996-05-02 17:06:16'),(29,29,'id',23726,NULL,9,'1994-04-29 07:10:25','2012-11-22 11:00:41'),(30,30,'quia',0,NULL,10,'2002-01-08 11:06:57','2003-09-11 00:22:28'),(31,31,'qui',8,NULL,1,'2008-12-27 19:58:08','2007-04-25 16:50:58'),(32,32,'distinctio',66418,NULL,2,'2012-07-13 02:02:30','1979-10-03 00:25:04'),(33,33,'id',3423,NULL,3,'2019-03-19 12:16:55','1994-09-02 21:01:01'),(34,34,'beatae',369951,NULL,4,'1998-10-07 12:10:00','2013-05-04 21:21:47'),(35,35,'eligendi',31893,NULL,5,'1974-06-19 17:24:41','1988-07-12 02:08:42'),(36,36,'voluptas',849758,NULL,6,'1994-12-07 07:11:56','1970-08-18 10:43:07'),(37,37,'error',2892,NULL,7,'1972-06-11 20:00:38','1977-04-22 09:51:20'),(38,38,'est',84907,NULL,8,'1998-07-27 19:41:41','2008-12-28 20:29:58'),(39,39,'vel',208521518,NULL,9,'1973-06-01 23:11:19','2012-04-24 14:22:13'),(40,40,'ad',56198,NULL,10,'2010-12-30 01:44:01','1997-05-06 12:53:01'),(41,41,'pariatur',368966867,NULL,1,'1996-12-16 12:51:48','2004-02-22 09:20:56'),(42,42,'consequatur',10309951,NULL,2,'1975-02-11 02:51:20','1986-05-26 08:19:18'),(43,43,'et',8420,NULL,3,'1973-02-06 00:57:27','1972-08-21 06:38:33'),(44,44,'est',536948771,NULL,4,'2012-10-15 05:38:00','2006-12-06 15:15:39'),(45,45,'ratione',3080,NULL,5,'2000-11-05 01:56:54','1990-02-09 04:34:10'),(46,46,'voluptatibus',0,NULL,6,'2016-05-08 14:48:41','1971-07-13 07:46:53'),(47,47,'magni',88264,NULL,7,'1993-05-20 02:27:48','2007-11-07 21:52:56'),(48,48,'non',3767,NULL,8,'2008-11-12 22:57:11','1976-02-11 03:19:54'),(49,49,'eligendi',1,NULL,9,'1988-05-09 17:50:21','1980-08-02 07:20:52'),(50,50,'dolore',54642,NULL,10,'2005-03-21 01:02:01','1997-01-11 12:45:15'),(51,51,'eveniet',2033222,NULL,1,'1997-05-14 06:38:51','2009-10-21 07:04:04'),(52,52,'quas',5,NULL,2,'1975-07-17 19:07:07','1993-12-11 16:31:02'),(53,53,'iste',4,NULL,3,'1970-05-18 02:48:24','2010-03-07 17:41:03'),(54,54,'cupiditate',285,NULL,4,'1992-07-18 23:45:45','1988-08-10 02:14:12'),(55,55,'nostrum',26696,NULL,5,'1992-06-28 18:26:20','1992-08-07 10:42:41'),(56,56,'dolor',598547325,NULL,6,'1982-03-18 04:58:27','1972-04-05 13:02:12'),(57,57,'ipsa',11538,NULL,7,'1981-06-07 03:35:08','1970-01-30 11:03:56'),(58,58,'dolores',17,NULL,8,'2017-07-13 04:55:13','1970-07-17 06:30:25'),(59,59,'a',489,NULL,9,'1987-07-13 15:55:10','1979-11-08 02:14:29'),(60,60,'asperiores',105680905,NULL,10,'1997-12-29 11:43:38','2019-10-10 19:03:17'),(61,61,'sequi',39024,NULL,1,'2008-03-01 19:50:19','1972-09-17 10:30:21'),(62,62,'ut',3,NULL,2,'1998-12-28 00:31:30','1992-09-24 19:48:41'),(63,63,'corrupti',50737699,NULL,3,'1976-10-02 23:06:01','1995-06-08 19:01:27'),(64,64,'ipsum',68146,NULL,4,'2013-09-04 10:51:51','1993-08-27 03:46:40'),(65,65,'molestiae',616,NULL,5,'1987-02-28 18:48:57','1978-12-18 21:29:41'),(66,66,'tempora',932795697,NULL,6,'2001-09-12 01:07:49','1992-11-16 03:19:15'),(67,67,'quia',7,NULL,7,'2016-02-28 23:36:16','1991-02-13 08:27:34'),(68,68,'ut',476383969,NULL,8,'2010-02-11 18:53:38','1973-07-02 08:26:02'),(69,69,'accusamus',586312503,NULL,9,'1996-09-01 12:31:54','2016-12-26 05:07:20'),(70,70,'et',0,NULL,10,'1971-01-19 23:01:44','2003-04-22 12:35:50'),(71,71,'quibusdam',3736,NULL,1,'1976-02-18 23:36:15','1972-12-05 17:26:02'),(72,72,'eum',358390,NULL,2,'2001-06-08 05:41:22','2008-05-10 15:44:14'),(73,73,'reiciendis',81,NULL,3,'2004-12-07 03:05:23','1998-11-25 16:15:26'),(74,74,'ut',603890031,NULL,4,'1971-09-03 04:22:47','2002-06-27 22:49:35'),(75,75,'omnis',9758,NULL,5,'1971-08-17 20:37:09','1970-10-19 11:41:08'),(76,76,'sint',0,NULL,6,'2015-05-25 22:05:44','1976-06-03 04:34:59'),(77,77,'est',34722978,NULL,7,'2009-05-22 03:53:09','1999-11-29 05:33:30'),(78,78,'sit',399982563,NULL,8,'1976-04-18 17:01:17','1971-10-22 03:43:34'),(79,79,'enim',313439,NULL,9,'1981-08-02 16:35:36','1990-02-24 21:28:04'),(80,80,'molestiae',617,NULL,10,'1987-07-16 14:50:52','2008-10-01 15:52:24'),(81,81,'neque',5681,NULL,1,'1981-12-22 11:30:13','2018-01-23 11:14:09'),(82,82,'voluptatibus',94882069,NULL,2,'1977-06-25 16:00:47','1971-05-12 19:22:15'),(83,83,'accusamus',730,NULL,3,'2013-08-22 17:14:42','2017-08-27 15:52:06'),(84,84,'quia',0,NULL,4,'2016-01-09 17:57:34','1996-09-14 06:06:42'),(85,85,'non',8,NULL,5,'1974-07-30 02:52:18','1982-08-21 05:43:50'),(86,86,'harum',316517825,NULL,6,'1974-07-06 08:17:58','1980-09-22 18:15:39'),(87,87,'maxime',91,NULL,7,'2017-01-06 18:56:16','1972-08-11 13:37:59'),(88,88,'voluptatem',1923,NULL,8,'1975-07-14 15:00:38','2017-02-18 17:57:13'),(89,89,'odio',208904878,NULL,9,'1980-12-08 15:22:27','2004-08-07 08:20:19'),(90,90,'voluptates',568,NULL,10,'1991-06-21 00:49:30','1982-03-21 05:12:29'),(91,91,'ipsam',82048,NULL,1,'1997-12-21 12:29:57','1973-02-23 11:46:01'),(92,92,'error',0,NULL,2,'2014-04-16 16:42:37','2000-01-12 09:27:38'),(93,93,'voluptates',33832,NULL,3,'1995-12-24 08:57:09','2014-05-25 05:53:58'),(94,94,'fuga',73040364,NULL,4,'1985-10-03 01:05:54','1996-08-15 14:01:49'),(95,95,'vel',83374,NULL,5,'2016-11-06 19:29:23','1984-05-25 01:06:47'),(96,96,'neque',72,NULL,6,'2006-08-12 11:59:01','1974-10-04 16:30:07'),(97,97,'molestiae',91590497,NULL,7,'1972-01-18 21:22:57','1979-12-28 09:31:13'),(98,98,'qui',139,NULL,8,'1989-09-01 21:55:22','1985-03-11 08:02:12'),(99,99,'quis',63681,NULL,9,'2005-06-20 15:15:39','2003-07-24 09:36:06'),(100,100,'velit',0,NULL,10,'2012-08-11 05:18:43','1975-07-13 01:05:30'),(101,101,'dicta',0,NULL,1,'2009-07-27 18:56:21','2015-06-09 08:00:31'),(102,102,'dolorem',69363,NULL,2,'2007-01-29 08:51:14','2014-03-07 23:54:25'),(103,103,'suscipit',3,NULL,3,'1993-11-10 08:04:04','1988-05-07 08:35:55'),(104,104,'sit',1864,NULL,4,'1985-07-31 17:52:58','1991-10-20 18:47:19'),(105,105,'accusamus',8381,NULL,5,'2000-03-18 20:37:29','1978-01-17 20:18:38'),(106,106,'quia',484837,NULL,6,'2001-11-01 11:02:53','2017-09-16 19:45:03'),(107,107,'quia',77589895,NULL,7,'2004-08-18 17:56:32','2000-03-24 12:49:02'),(108,108,'facilis',218,NULL,8,'1974-03-16 11:48:38','2011-06-07 20:48:12'),(109,109,'a',644,NULL,9,'2005-07-14 17:29:55','2016-07-27 17:22:46'),(110,110,'voluptatem',37277640,NULL,10,'1992-07-09 19:55:05','1987-02-23 19:22:33');
UNLOCK TABLES;

DROP TABLE IF EXISTS `media_types`;
CREATE TABLE `media_types` (
  `id` int unsigned NOT NULL AUTO_INCREMENT COMMENT 'Идентификатор строки',
  `name` varchar(255) CHARACTER SET utf8 COLLATE utf8_unicode_ci NOT NULL COMMENT 'Название типа',
  `created_at` datetime DEFAULT CURRENT_TIMESTAMP COMMENT 'Время создания строки',
  `updated_at` datetime DEFAULT CURRENT_TIMESTAMP ON UPDATE CURRENT_TIMESTAMP COMMENT 'Время обновления строки',
  PRIMARY KEY (`id`),
  UNIQUE KEY `name` (`name`)
) ENGINE=InnoDB AUTO_INCREMENT=11 DEFAULT CHARSET=utf8 COLLATE=utf8_unicode_ci COMMENT='Типы медиафайлов';

LOCK TABLES `media_types` WRITE;
INSERT INTO `media_types` VALUES (1,'minima','2019-01-28 04:21:15','2014-07-02 00:30:16'),(2,'doloribus','1970-10-26 07:36:04','1989-07-11 17:38:56'),(3,'voluptates','2012-08-09 18:03:13','2014-04-20 19:38:03'),(4,'ipsum','2004-04-14 22:24:05','1991-06-17 18:35:41'),(5,'ducimus','1972-10-27 07:15:21','2016-02-18 18:12:15'),(6,'voluptas','1971-11-05 19:09:02','2013-09-25 12:07:17'),(7,'esse','1973-02-07 07:14:16','2016-07-16 10:38:36'),(8,'ex','1998-02-27 14:35:38','1999-05-16 03:33:44'),(9,'id','1996-05-20 07:48:12','1990-04-09 03:32:33'),(10,'non','2016-11-01 11:25:27','1974-06-23 01:03:11');
UNLOCK TABLES;

DROP TABLE IF EXISTS `messages`;
CREATE TABLE `messages` (
  `id` int unsigned NOT NULL AUTO_INCREMENT COMMENT 'Идентификатор строки',
  `from_user_id` int unsigned NOT NULL COMMENT 'Ссылка на отправителя сообщения',
  `to_user_id` int unsigned NOT NULL COMMENT 'Ссылка на получателя сообщения',
  `body` text CHARACTER SET utf8 COLLATE utf8_unicode_ci NOT NULL COMMENT 'Текст сообщения',
  `is_important` tinyint(1) DEFAULT NULL COMMENT 'Признак важности',
  `is_delivered` tinyint(1) DEFAULT NULL COMMENT 'Признак доставки',
  `created_at` datetime DEFAULT CURRENT_TIMESTAMP COMMENT 'Время создания строки',
  `updated_at` datetime DEFAULT CURRENT_TIMESTAMP ON UPDATE CURRENT_TIMESTAMP COMMENT 'Время обновления строки',
  PRIMARY KEY (`id`)
) ENGINE=InnoDB AUTO_INCREMENT=101 DEFAULT CHARSET=utf8 COLLATE=utf8_unicode_ci COMMENT='Сообщения';

LOCK TABLES `messages` WRITE;
INSERT INTO `messages` VALUES (1,0,0,'Minus deserunt et quidem ut. Ut impedit veniam dolorum ea voluptatem suscipit deleniti. Vel soluta rerum est quod adipisci.',1,0,'2002-03-03 21:18:13','2015-04-26 10:42:57'),(2,0,0,'Ea esse totam tempora voluptas quae quia. Eius corrupti eos dolor aut natus. Qui excepturi iste dolor libero quis.',1,0,'1993-10-12 21:31:34','2011-08-03 17:22:03'),(3,0,0,'Consectetur et soluta minus perspiciatis. Labore eveniet eveniet omnis numquam fugit pariatur.',0,1,'2017-09-03 04:15:57','2017-02-15 04:11:46'),(4,0,0,'Laboriosam explicabo ut et et voluptates sint. Vitae minima illum earum et. Officia blanditiis recusandae nostrum odit. Animi quaerat doloribus deserunt non.',0,0,'1977-06-19 11:15:43','1986-07-24 18:14:07'),(5,0,0,'Aut sint rem vel laudantium eligendi quia possimus. Omnis sunt neque hic reprehenderit molestias. Repellat praesentium tempore voluptatem blanditiis est iste sit expedita. Vitae et quo maiores voluptatum nihil.',0,1,'1987-09-21 05:29:42','1998-03-07 00:55:14'),(6,0,0,'Assumenda molestiae sapiente esse ut. Reiciendis in blanditiis veritatis ipsum ratione maxime odit non. Fugiat dolorum quam dignissimos rerum.',0,1,'1994-01-13 14:51:00','2015-10-23 05:10:38'),(7,0,0,'Nihil earum consequatur voluptatem tempora. Amet ea voluptatem saepe vero et eius et. Nulla est nulla laudantium rerum dolorem veniam aliquam ratione. Asperiores repudiandae et officiis consequatur aut voluptatem incidunt.',1,0,'2006-06-04 06:39:49','1998-10-11 19:58:43'),(8,0,0,'Fuga consequuntur et nam ratione beatae. Dolor ab temporibus praesentium. Ad facere qui voluptates sequi asperiores perspiciatis ipsa. In autem veritatis dolorem velit molestiae facilis.',1,1,'1976-07-21 02:49:05','1970-05-07 20:19:29'),(9,0,0,'Officiis rerum soluta et qui quos. Debitis qui sint harum. Numquam ullam autem vel quisquam. Aut fugiat aut nesciunt rem voluptas possimus occaecati.',0,0,'2005-03-19 20:08:44','2019-07-11 19:28:33'),(10,0,0,'Autem veniam natus quisquam numquam molestiae. Quaerat voluptatem minus nostrum placeat atque iure minima. Consequatur exercitationem commodi ullam unde neque molestiae odio. Deserunt animi aut nostrum porro qui autem.',0,0,'2017-12-18 15:41:36','1989-06-29 04:08:44'),(11,0,0,'Consequuntur natus dolor eos repellat soluta aliquam unde. Illo facilis veniam sit voluptate consectetur nobis. Rerum sit voluptas facilis omnis aperiam provident recusandae.',1,1,'1989-07-22 03:48:29','1971-12-10 12:38:17'),(12,0,0,'Ab sit qui dolorem eos incidunt. Dignissimos perferendis voluptatibus sequi. Ratione facere officia aperiam delectus.',1,0,'1980-11-13 07:54:29','1987-10-20 09:16:48'),(13,0,0,'Enim nobis voluptas nulla voluptas repudiandae eum quaerat. Laboriosam recusandae accusantium rem nobis voluptatem. Repudiandae est est soluta. Inventore dolor fugiat molestiae optio et sint.',1,0,'1993-11-03 18:59:21','1978-07-09 03:55:28'),(14,0,0,'Autem voluptatum quas consectetur. Est quasi sint non reiciendis laudantium optio rerum. Et tenetur ratione sed qui incidunt.',1,1,'2012-05-09 14:56:54','2010-06-14 12:23:59'),(15,0,0,'Minus quia aut velit perferendis. Dolores dolor ea quia suscipit omnis omnis ut. Et explicabo vitae qui libero. Explicabo dolor tenetur ea iure nostrum similique.',0,1,'2019-05-19 16:10:06','1978-12-24 14:47:42'),(16,0,0,'Aspernatur repudiandae eius sit sed. Sit ex qui blanditiis aliquid. Alias blanditiis eum aut ratione voluptas velit eos. Ratione consequatur quis excepturi libero.',1,0,'2006-06-13 20:20:43','2013-03-17 05:01:27'),(17,0,0,'Architecto officiis voluptas dolorem et sint corrupti aperiam. Consequuntur aut illum modi voluptatem. Repellat aut quasi quia est quas vitae.',0,1,'2014-04-09 07:47:31','1971-01-30 04:09:27'),(18,0,0,'Quaerat voluptas deleniti nobis. Possimus quaerat et suscipit alias totam facilis tempora.',0,1,'1972-10-25 09:20:20','2011-12-30 18:58:14'),(19,0,0,'Eveniet id fugiat vel et voluptate molestias. Asperiores hic doloremque mollitia quas.',0,1,'1986-11-07 09:30:29','1979-05-24 00:39:40'),(20,0,0,'Incidunt aut vero voluptates quo labore labore ut. Nam voluptate adipisci aut omnis dicta. Consequatur laborum qui ducimus sint error alias maxime. Omnis nam quia qui ducimus.',1,0,'2017-01-03 12:44:26','1996-09-05 02:39:20'),(21,0,0,'Qui et eligendi voluptatem doloremque omnis aut ullam dolorem. Optio architecto dicta dignissimos aut tempore repudiandae soluta. Consectetur dolore fuga consequatur aut est sapiente. Nihil magnam voluptatem aut eligendi accusamus neque.',0,1,'2012-02-06 06:15:40','1986-07-08 16:12:10'),(22,0,0,'Ut commodi quos rerum voluptatem rerum. Officia et cupiditate alias similique perferendis facere possimus. Doloribus tempore voluptatem reprehenderit repellat. Omnis cum at ullam optio voluptates.',1,0,'2003-08-09 16:40:57','1983-08-28 08:09:23'),(23,0,0,'Autem rerum optio qui doloremque aut. Exercitationem aliquam est similique minus qui. Delectus est mollitia suscipit est consequatur quidem.',0,1,'2007-06-15 08:48:32','1979-07-04 23:14:26'),(24,0,0,'Aut fugiat aliquam quibusdam iste. Quis porro odit sit porro voluptas sint. Eum ad ut nulla laboriosam omnis. Pariatur in fuga qui harum voluptatem.',1,0,'1988-12-20 16:38:28','2019-08-22 10:36:03'),(25,0,0,'Aliquid voluptate voluptatem repellat voluptatum ut. Occaecati debitis et cumque soluta modi molestiae suscipit. Deserunt eum dolores voluptatem.',1,1,'1982-11-15 02:38:03','2010-09-19 01:45:57'),(26,0,0,'Sit ea facilis eaque voluptatem eos. Voluptatibus voluptatibus recusandae vel et et et possimus. Pariatur tempora facere tempore ducimus omnis laboriosam sapiente. Delectus optio delectus sapiente voluptate est hic.',1,0,'1988-07-25 16:41:26','1986-07-03 21:17:18'),(27,0,0,'Cumque rerum id iusto veritatis. Quaerat at dignissimos velit in. Excepturi odio sed voluptatem animi eligendi fugit.',1,0,'1995-12-11 11:32:59','1990-01-18 19:25:32'),(28,0,0,'Officiis animi qui exercitationem necessitatibus aperiam quisquam sed aut. Voluptatem nostrum esse quod nobis quaerat.',1,0,'1978-06-06 00:53:21','2014-10-02 02:48:15'),(29,0,0,'Vel non distinctio eos sit dolor et aliquid. Velit quisquam non quae sed et rerum. Quia numquam doloremque facilis deleniti fugiat et.',0,0,'1982-02-02 22:22:30','1973-07-06 06:06:41'),(30,0,0,'Placeat nemo illo ut non. Quos dolores fugiat corrupti possimus suscipit dolorem dolorem. Non quis autem deleniti eos officiis. Eius asperiores expedita sed ipsam iusto ut quia.',0,1,'1985-10-18 10:26:11','2010-07-18 17:36:38'),(31,0,0,'Perspiciatis autem error deleniti. Architecto eum consequatur repellendus cum et sint. Eum esse qui asperiores impedit occaecati magnam quaerat officiis.',0,0,'1992-10-28 07:12:53','2016-06-29 00:20:25'),(32,0,0,'Dolore tempore velit eveniet ut non molestiae autem. Quo neque consequatur quo quo perferendis quo dolorem. Iure et voluptate qui qui in nisi magni. Molestiae eos eos ut autem maiores. Provident perferendis laboriosam at distinctio explicabo ea voluptas.',1,0,'2015-02-28 13:47:55','2015-03-18 22:13:07'),(33,0,0,'Quo molestias rerum tempora voluptatibus non aliquam. Quis explicabo est dicta ea et. Sit architecto earum doloribus.',0,0,'2017-12-18 20:16:37','2001-06-11 10:08:10'),(34,0,0,'Aperiam maxime maiores quia laboriosam. Eligendi ipsa perspiciatis et rerum. Quia libero fugiat assumenda. Ipsa ipsa sapiente facere dolor. In qui laudantium quaerat et rem harum.',1,1,'1982-08-22 06:04:29','1990-09-07 20:42:53'),(35,0,0,'Ut sint non dignissimos expedita voluptatem minima pariatur. Provident eveniet voluptatibus voluptas in animi eveniet iure. Aspernatur hic corrupti itaque ut saepe vero.',0,1,'1994-09-12 14:31:44','1991-10-10 18:29:03'),(36,0,0,'Vel nihil aut reprehenderit aut rerum laudantium illum. Sint pariatur molestiae voluptatibus quas aperiam dolor dolorem dolorem. Temporibus cupiditate ea rerum sunt earum.',1,1,'1974-01-15 13:18:39','2011-09-18 21:45:21'),(37,0,0,'Magni optio est recusandae qui aut distinctio. Sequi explicabo beatae qui est beatae. Incidunt ab mollitia reprehenderit fugit et soluta. Architecto consequuntur blanditiis consequatur dolores ratione assumenda dolores. Nostrum repellat cum consectetur quibusdam.',0,0,'1971-06-15 04:51:21','1993-09-23 22:43:20'),(38,0,0,'Natus voluptatibus dolorem sunt molestiae vitae consequatur ipsum. Ipsam omnis aut et iure nesciunt ut. Sit commodi et aut at at. Iste reiciendis nostrum saepe a quia est voluptatibus.',1,0,'1982-07-05 23:00:33','2005-05-16 10:49:26'),(39,0,0,'Aut ut harum quisquam similique eos recusandae earum. Accusamus suscipit voluptates aliquid molestiae beatae explicabo. Velit assumenda voluptatem quasi sed ad. Quis ipsam autem et voluptas provident molestiae ad.',0,0,'1970-08-25 16:33:16','1983-09-12 00:58:08'),(40,0,0,'Odit et quia dignissimos impedit. Itaque sequi temporibus itaque quia reiciendis. Quasi nostrum beatae quia. Dolorem quaerat voluptate minima quasi.',1,1,'2014-09-23 02:18:18','1987-09-13 23:59:07'),(41,0,0,'Asperiores autem eveniet non natus a aspernatur. Quo ea doloribus omnis dolorem debitis. Laudantium praesentium incidunt qui nisi maiores est.',1,0,'1997-03-13 10:29:53','2012-10-19 23:05:23'),(42,0,0,'Cupiditate quia sit nostrum rerum laboriosam repellat. Id amet vero tempora omnis facilis. Placeat molestiae sed debitis fuga. In qui tenetur repudiandae vero similique nobis debitis.',1,0,'1976-09-05 06:28:50','2001-06-19 00:30:03'),(43,0,0,'Sint et quo ut saepe voluptatum. Doloribus quam ab repellendus fugit voluptatem et. Asperiores est quisquam esse molestias qui. Numquam vel et quo mollitia.',1,0,'2000-12-31 07:35:16','1980-06-24 03:17:28'),(44,0,0,'Aut deserunt quae eligendi provident. Eveniet nulla voluptatem molestias ut dignissimos. Dolore delectus architecto autem aut. Nulla eius ut possimus id voluptas eaque minima iure.',1,1,'1999-05-01 02:08:06','1976-06-27 23:59:55'),(45,0,0,'Magnam natus quia et iste excepturi rerum. Nobis et facilis itaque. Beatae inventore fuga nesciunt nihil.',0,1,'1986-01-27 08:37:39','2016-05-03 18:49:05'),(46,0,0,'Odit itaque hic qui dolores perferendis ratione. Rerum qui incidunt totam. Dolores laboriosam deserunt dolorem consequatur qui et. Ea quia doloremque consectetur consequatur et nihil hic.',0,1,'1979-11-16 20:32:27','1977-05-15 18:48:42'),(47,0,0,'Et occaecati enim repellat non temporibus. Quo molestiae sequi libero fuga provident quasi. Velit sed iste sed maxime sit enim qui. A quia non voluptatem voluptatum.',1,1,'1998-12-04 10:52:58','1974-10-09 07:17:22'),(48,0,0,'Tenetur odit laudantium quae rem aspernatur qui. Et et sapiente delectus itaque et enim ullam. Et cum quae voluptatem vel quisquam non.',1,0,'2015-11-03 21:07:25','2015-02-06 19:20:20'),(49,0,0,'Vitae vel omnis soluta et illo asperiores est. In est fuga vero minima et voluptatem nulla. Cum atque corporis et quaerat eum facilis consequatur. Enim omnis voluptate enim aspernatur qui repudiandae nihil.',0,1,'1971-08-12 10:00:05','1984-11-23 10:40:14'),(50,0,0,'Laborum sit pariatur alias occaecati veritatis id cumque. Qui molestiae architecto blanditiis et eos. Ea magni unde enim autem. Voluptatibus mollitia asperiores doloribus in.',1,0,'2016-11-30 11:36:27','1999-05-03 19:35:48'),(51,0,0,'Placeat voluptas quasi sed quo dolor id cum. Animi quod eum excepturi voluptatibus totam officia ad. Sed voluptatem recusandae sunt quos. Et consequatur unde sapiente non tenetur. Illum mollitia esse sint aperiam rem cumque eos qui.',1,1,'2003-05-20 13:35:04','1985-03-06 01:52:06'),(52,0,0,'Quisquam tempora rerum sed ab ex error itaque. Minima velit voluptatum aut. Exercitationem necessitatibus sed illum repellat. Alias omnis et odit vero qui et omnis.',1,0,'2007-03-27 06:03:24','1992-07-23 17:59:54'),(53,0,0,'Vel aut et nesciunt. Fugit enim quo beatae qui voluptatem doloremque modi. Autem sit sit dolor possimus voluptatem. Nemo accusantium dolor ut eos.',0,1,'1998-07-18 22:08:09','1989-08-06 03:39:16'),(54,0,0,'Quia omnis beatae est suscipit est. Labore vel asperiores ratione autem voluptatum qui ea. Quam in voluptatum consequatur magni ratione enim. Nesciunt qui aut cupiditate enim sint quia.',1,0,'1973-07-23 22:12:33','1987-10-18 04:21:37'),(55,0,0,'Cumque omnis error qui. Id aut odit non reprehenderit et. Sed illum ut sed molestiae soluta. Pariatur voluptatibus odio est et nihil quidem.',1,1,'2013-01-16 17:09:36','1993-12-27 13:16:45'),(56,0,0,'Quia occaecati ad voluptate. Ea asperiores dolorem error aperiam sunt. Est ut commodi et eaque nisi sapiente illo.',1,1,'2016-01-04 14:26:39','1970-03-11 12:02:01'),(57,0,0,'Aliquam enim incidunt cum voluptas quisquam. Pariatur velit magni repudiandae eaque optio. Aperiam a voluptate harum voluptates corrupti quos. Cupiditate eos ipsa quia et. Ullam aut et excepturi qui in.',1,1,'1973-01-13 06:57:06','1990-01-15 02:00:56'),(58,0,0,'Quod nemo facere temporibus perspiciatis. Dolorum qui facilis sit quos similique voluptates aut. Esse quidem consequuntur eligendi et in. Earum cumque nobis cumque architecto vero. Rerum voluptatem dignissimos vel magnam et nobis ea.',1,1,'1992-07-08 21:59:57','2001-07-27 08:25:43'),(59,0,0,'Magni expedita et aut exercitationem. Voluptas fuga facere eligendi tempora voluptatem eum reiciendis. Fugiat accusantium aspernatur asperiores quae et. Sunt dolor veritatis voluptatum quasi.',1,1,'2002-07-09 05:54:02','1991-01-07 07:14:44'),(60,0,0,'Perferendis perspiciatis consequuntur eum. Ipsum voluptatum non cum harum. Eaque dolorum qui perspiciatis consequatur molestiae numquam. Distinctio voluptatem sunt cum et ipsam facilis cum.',1,0,'2008-08-05 21:16:12','2017-05-22 11:19:02'),(61,0,0,'Et illum excepturi vel aliquam est veritatis. Dolorem sit autem ad earum hic eos. Nihil doloremque architecto sunt laboriosam debitis quod molestiae.',1,0,'1990-03-18 07:03:06','2007-04-15 04:03:27'),(62,0,0,'Quisquam et sed ut ipsam odio. At quo fugiat neque laudantium voluptas tenetur aspernatur alias. Quo non ratione sed nam.',0,1,'2015-05-19 19:09:43','1996-06-20 17:55:51'),(63,0,0,'Culpa perspiciatis quo at nulla itaque voluptates ut quo. Consequatur omnis velit occaecati voluptas quo enim nobis. Et magnam nihil cumque ex quis et perspiciatis debitis. Et molestiae quia perferendis odit.',1,0,'1989-04-04 22:00:06','2019-09-14 19:39:33'),(64,0,0,'Quibusdam voluptate est ullam debitis sint rerum cupiditate. Vel quod consequuntur quod quae voluptatem impedit. Iusto quo sit eos rerum eos soluta cum. Saepe recusandae totam facilis qui delectus sint adipisci.',1,0,'2019-09-14 17:03:20','1998-07-25 02:29:31'),(65,0,0,'Fugiat eius blanditiis sit sint. Quis eveniet dicta sit rerum. Quam itaque et commodi atque saepe consequatur repudiandae. Incidunt praesentium quia molestiae facere odio velit est modi.',1,0,'1976-04-10 17:59:36','1999-06-04 18:49:15'),(66,0,0,'Placeat vero eum quis maiores sed. Voluptatum quae velit quia minima illo. Ut cumque ipsum et delectus et.',0,0,'2016-08-26 08:06:03','2001-08-26 22:19:32'),(67,0,0,'Eum cumque quis officiis minima. Quae voluptas rerum et non. In harum delectus alias aut culpa. Vel dolor accusamus sint et.',1,1,'2000-04-18 00:48:20','2009-11-08 10:07:14'),(68,0,0,'Repellat voluptates est labore reprehenderit et. Esse ipsam vel aut aut porro. Ea sit optio nam eos.',1,1,'1989-07-12 03:24:57','1979-04-19 14:11:22'),(69,0,0,'Fugiat quo ut nobis et quos delectus dolorem consectetur. Soluta inventore commodi consequatur labore qui modi. Mollitia explicabo inventore mollitia.',0,0,'2010-05-13 13:05:56','2000-04-27 05:59:15'),(70,0,0,'Inventore eos quod ea. Quia aut laboriosam est quos sint. Esse architecto amet rem ut iure explicabo odit. Velit minus modi voluptatem modi sequi necessitatibus.',0,1,'2017-02-08 16:23:09','1980-11-23 12:36:59'),(71,0,0,'Aspernatur autem non earum magni qui. Ut sit reprehenderit hic sit consequatur asperiores libero. Officiis magnam eum nihil magni.',1,1,'1989-01-18 16:27:27','2007-09-13 12:38:20'),(72,0,0,'Ut maxime aliquam veniam perspiciatis illo ullam. Non sed velit aperiam quam. Nesciunt voluptatem esse omnis iste in assumenda. Quia minus est rerum aut.',0,1,'2005-01-31 07:17:05','2019-03-01 13:20:22'),(73,0,0,'Qui eaque est odio ipsa. Dolorem sunt eligendi dignissimos facere. Enim commodi accusamus iste. Fugit corrupti praesentium consequuntur dignissimos aliquid vel itaque dolorum.',1,0,'1991-12-28 21:25:11','1998-05-24 21:29:45'),(74,0,0,'Distinctio et est quis atque voluptas mollitia. Architecto itaque est officia sit enim nemo. Repellat quisquam fugiat sunt dolor vero. Excepturi quod sed ut cumque.',1,0,'1983-04-26 05:30:34','2006-07-07 19:36:29'),(75,0,0,'Tempore et laudantium recusandae id. Autem optio aut aut tempora minus. Aut consectetur fuga voluptates molestiae aperiam ab tempore harum.',1,0,'2017-08-01 16:35:00','1970-01-03 06:30:16'),(76,0,0,'Quam dolor accusantium aliquam ea rerum cum. Consequuntur soluta laudantium molestiae quae. Voluptatibus doloribus quod reiciendis.',1,1,'1991-01-20 10:51:04','2012-08-02 12:42:11'),(77,0,0,'Tempora provident nisi dolores saepe autem temporibus quam. Officia doloribus illo dolor et est qui quod. Laudantium sint vitae consequuntur necessitatibus fugit et.',1,0,'1976-12-31 12:08:57','2017-03-06 12:26:53'),(78,0,0,'Sint expedita soluta magnam similique quos repellat ducimus. Exercitationem alias corporis quae corrupti asperiores magni amet tenetur. Voluptates sed maxime voluptatem laudantium occaecati quod quia perferendis. Cupiditate sed rerum ut est sunt.',1,1,'1973-04-27 20:51:06','1980-04-20 15:21:13'),(79,0,0,'Voluptas fugiat iste ullam esse. Deserunt sed fugit modi eius dolorem. Doloremque incidunt repellendus praesentium placeat et aut. Non dolor dolore veniam cupiditate qui temporibus. Ex vero dignissimos est consequuntur.',1,1,'1971-10-04 12:50:08','1978-08-03 07:38:37'),(80,0,0,'Asperiores inventore in accusantium. Repudiandae voluptates ullam numquam qui. Eveniet nobis labore ipsum quaerat voluptas nam.',1,0,'2000-08-28 17:47:33','1985-09-02 11:00:39'),(81,0,0,'Corporis ratione ratione quod officiis temporibus. Ut quaerat eum aliquid nisi. Quae nam neque deserunt.',0,0,'2019-11-19 08:04:03','2010-09-23 00:10:02'),(82,0,0,'Aliquam est deleniti ut necessitatibus id temporibus. Laboriosam sit incidunt quod tenetur perspiciatis numquam fuga. Accusamus quisquam voluptas id deserunt. Dolorem dolore alias aut adipisci temporibus.',1,0,'1992-08-20 05:59:44','2010-05-20 22:35:17'),(83,0,0,'Itaque facere reprehenderit eaque ut quam vero ut. Veniam doloremque numquam nam in. Perferendis culpa in est quis. Sit id quo iure.',1,0,'1990-05-30 07:30:39','1977-01-27 04:57:24'),(84,0,0,'Natus odit inventore nesciunt doloremque consequuntur earum aut. Voluptates et consequatur eaque et. Cum eaque voluptatum similique iure.',1,1,'1977-04-08 18:41:46','1986-07-10 14:33:48'),(85,0,0,'Et iste iste dolorem non officiis et voluptates reiciendis. Rerum hic accusantium esse quia.',1,0,'2007-03-27 18:53:43','2010-04-25 04:34:00'),(86,0,0,'Suscipit voluptatem ut architecto facilis vel. Ex ab placeat sequi facere tempore quod. Recusandae veniam harum quidem voluptates reiciendis.',1,1,'1991-04-08 11:39:48','1984-09-16 00:44:08'),(87,0,0,'Exercitationem quis libero consequatur reiciendis. Facere reprehenderit quas quisquam qui. Occaecati nesciunt pariatur facere iusto qui fugiat.',1,0,'1974-02-15 06:33:52','1978-01-23 03:54:22'),(88,0,0,'Deserunt dignissimos totam iste rem occaecati hic non. Quia repellat qui impedit dolorum sit voluptas. Beatae ducimus occaecati et ut non quam sit nesciunt. Et eaque odio modi labore vitae occaecati temporibus.',1,1,'1970-04-20 09:35:43','1987-01-08 20:22:20'),(89,0,0,'Et consequatur dolor ut voluptatem dolores dolorum aperiam. Provident quis facilis rerum sed optio iste. Unde temporibus unde atque fuga vero dicta. Qui consequatur illum iste minima voluptate.',0,1,'1991-06-12 14:04:57','2006-03-16 10:08:26'),(90,0,0,'Natus quia ab explicabo possimus voluptas porro. Placeat aut debitis quidem. Et eum sapiente repellat est quaerat rerum.',0,0,'1991-06-19 17:29:13','1976-04-07 05:19:51'),(91,0,0,'Ad officia consequuntur nisi nobis. Et consectetur deleniti amet quas non. At porro vitae dolore quo voluptatem ut explicabo. Est aspernatur incidunt quasi ut placeat eius dicta pariatur.',1,0,'2013-07-30 09:20:50','1981-05-17 18:30:35'),(92,0,0,'Earum praesentium suscipit soluta. Error molestias aperiam tenetur culpa sint. Fuga voluptas explicabo recusandae dolore. Ut reiciendis minus accusamus ipsum quasi eveniet.',0,1,'1980-09-12 13:57:28','1985-03-10 13:09:48'),(93,0,0,'Quam harum sed amet unde. Ut repellat reiciendis hic esse reprehenderit nulla nihil. Rerum ea animi explicabo veniam dolores incidunt ad sint. Ea provident error veniam expedita.',1,1,'2003-08-21 16:48:35','2007-10-13 18:36:06'),(94,0,0,'Numquam nihil natus cumque dolor tempora nisi earum. Dolores dolor et et et aut sed facere. Consequatur alias repudiandae dolor molestias illo doloremque. Quasi minima neque facilis illum consequatur.',1,1,'1983-09-19 02:39:31','1975-05-28 13:48:33'),(95,0,0,'Libero reprehenderit quia adipisci magni. Qui cupiditate esse qui nesciunt. Blanditiis maxime excepturi reiciendis praesentium consequuntur qui architecto.',0,1,'2011-06-06 11:21:54','2002-04-25 17:00:33'),(96,0,0,'Eos harum voluptas ut rerum aut eos et. Harum explicabo placeat harum hic quia. Dolore odit illum laudantium non.',1,0,'2000-12-12 18:15:05','2004-09-06 11:49:35'),(97,0,0,'Labore ut et magnam beatae amet repudiandae. Deserunt id nihil perspiciatis sed iste minus architecto perferendis. Rerum dolore dolores harum eveniet nisi qui libero.',0,0,'2007-06-15 02:55:06','1990-05-30 01:18:39'),(98,0,0,'Est laborum commodi quod. Numquam quia architecto itaque voluptas. Dolorum exercitationem rem consequatur error. At eligendi voluptas possimus adipisci.',0,0,'2010-06-24 16:56:36','1971-03-12 19:47:46'),(99,0,0,'Pariatur alias error enim. Necessitatibus non aut et error dolores dolor eligendi. Molestiae eligendi omnis dolore eveniet non consequatur. Alias est eum consequuntur et tenetur quia nesciunt.',1,1,'1972-11-10 23:49:46','1975-06-17 03:43:54'),(100,0,0,'Eveniet minus est impedit quis. Quos facilis reiciendis cum accusantium illo. Illum est quam illo voluptatibus sit autem non repellat. Temporibus fugiat sit perspiciatis.',1,1,'2006-02-28 03:00:03','1976-12-10 05:34:00');
UNLOCK TABLES;

DROP TABLE IF EXISTS `profiles`;
CREATE TABLE `profiles` (
  `user_id` int unsigned NOT NULL COMMENT 'Ссылка на пользователя',
  `gender` char(1) CHARACTER SET utf8 COLLATE utf8_unicode_ci NOT NULL COMMENT 'Пол',
  `birthday` date DEFAULT NULL COMMENT 'Дата рождения',
  `photo_id` int unsigned DEFAULT NULL COMMENT 'Ссылка на основную фотографию пользователя',
  `city` varchar(130) CHARACTER SET utf8 COLLATE utf8_unicode_ci DEFAULT NULL COMMENT 'Город проживания',
  `country` varchar(130) CHARACTER SET utf8 COLLATE utf8_unicode_ci DEFAULT NULL COMMENT 'Страна проживания',
  `created_at` datetime DEFAULT CURRENT_TIMESTAMP COMMENT 'Время создания строки',
  `updated_at` datetime DEFAULT CURRENT_TIMESTAMP ON UPDATE CURRENT_TIMESTAMP COMMENT 'Время обновления строки',
  PRIMARY KEY (`user_id`)
) ENGINE=InnoDB DEFAULT CHARSET=utf8 COLLATE=utf8_unicode_ci COMMENT='Профили';

LOCK TABLES `profiles` WRITE;
INSERT INTO `profiles` VALUES (1,'\"','1998-10-01',NULL,'Stammton','5','2007-11-08 00:08:40','1983-07-21 07:56:28'),(2,'\"','2017-09-24',NULL,'Miguelborough','31','1972-06-18 08:12:31','2007-08-23 13:32:16'),(3,'\"','1981-09-03',NULL,'Samarafurt','189','1980-02-21 21:29:07','2017-10-28 07:20:37'),(4,'\"','1986-01-29',NULL,'Port Britneychester','4326','1982-12-18 08:04:30','1981-02-26 03:12:38'),(5,'\"','1970-08-17',NULL,'Hellerchester','5275','1989-03-01 13:01:58','1980-05-23 07:53:05'),(6,'\"','2003-05-11',NULL,'East Vella','1','1995-02-13 23:07:40','1973-03-23 04:58:29'),(7,'\"','1986-10-31',NULL,'New Carolyn','4','2013-05-31 20:06:58','1970-10-12 03:56:01'),(8,'\"','2008-03-07',NULL,'South Johannport','1180','2018-12-30 21:45:57','1996-12-05 14:04:33'),(9,'\"','1982-06-18',NULL,'Lake Eduardo','8','1999-01-02 03:34:49','1988-08-01 01:23:27'),(10,'\"','1981-02-03',NULL,'Faystad','7','1982-08-07 00:27:17','1983-10-12 05:40:26'),(11,'\"','1993-08-09',NULL,'New Flavieton','8300582','1997-03-08 14:15:14','1975-07-01 19:54:38'),(12,'\"','2012-06-30',NULL,'Chelseyhaven','','1981-09-04 14:19:45','2002-02-01 10:09:27'),(13,'\"','2006-06-02',NULL,'New Jeffereyhaven','48','2002-02-24 15:55:58','2002-02-09 01:40:45'),(14,'\"','1981-08-02',NULL,'New Carrollchester','328084','1981-08-25 17:13:29','1971-01-14 04:16:57'),(15,'\"','1977-10-14',NULL,'Rueckerfurt','830','2005-10-28 19:35:07','2012-06-17 19:25:13'),(16,'\"','1978-06-07',NULL,'Anikaville','21','2001-12-28 12:08:26','1971-10-03 19:33:43'),(17,'\"','1997-03-05',NULL,'Port Joshua','71782310','2012-03-19 19:38:05','2003-08-31 05:03:37'),(18,'\"','2018-09-23',NULL,'Wuckerthaven','66','2003-09-24 04:31:25','1991-05-09 18:23:01'),(19,'\"','1979-01-02',NULL,'Breitenbergborough','8','1991-01-20 07:28:32','1990-04-13 13:48:05'),(20,'\"','2004-09-16',NULL,'West Maudville','590','1997-09-21 19:52:36','1976-05-23 01:27:00'),(21,'\"','2002-11-16',NULL,'South Mateo','2654','1986-04-16 15:59:29','2005-08-28 00:54:47'),(22,'\"','2016-09-21',NULL,'Port Weston','724370626','1995-08-10 14:51:51','2016-09-06 19:31:00'),(23,'\"','2006-05-23',NULL,'Odiemouth','3429448','2005-07-23 17:48:53','1990-02-27 16:43:16'),(24,'\"','1973-06-15',NULL,'West Antwon','7827307','1972-03-09 22:33:09','2019-05-19 13:39:05'),(25,'\"','2006-10-10',NULL,'Purdyton','63735870','1978-08-20 11:51:03','2004-10-29 20:30:28'),(26,'\"','2015-04-15',NULL,'New Sharonmouth','992946031','2013-04-07 22:48:47','1995-01-09 03:34:55'),(27,'\"','2019-05-26',NULL,'East Juliaborough','','2007-06-28 18:54:38','2003-01-16 22:53:11'),(28,'\"','2010-06-01',NULL,'West Wilbertfurt','85','2006-01-24 03:33:26','2008-05-22 16:22:14'),(29,'\"','2000-11-29',NULL,'Strosinmouth','9918','2001-04-11 17:56:37','2001-06-18 07:11:56'),(30,'\"','1975-08-02',NULL,'Wittingmouth','9','1991-11-13 09:02:21','2015-12-18 05:26:50'),(31,'\"','1975-08-14',NULL,'Quitzonside','635','1980-09-10 17:52:07','1977-08-08 09:50:39'),(32,'\"','1983-09-13',NULL,'Damionside','9243174','1990-07-07 14:03:42','1977-05-14 12:16:47'),(33,'\"','2018-05-22',NULL,'New Jerome','4507561','1993-09-03 21:40:04','2001-08-19 22:06:47'),(34,'\"','2014-12-29',NULL,'Schoenport','702365','1999-09-22 10:46:15','1994-08-09 07:38:34'),(35,'\"','2019-01-25',NULL,'Lake Reesefort','9','1975-02-27 15:01:03','1991-08-01 05:50:21'),(36,'\"','1975-05-12',NULL,'West Martina','789','1972-11-07 16:32:16','1972-01-27 06:54:07'),(37,'\"','1982-02-01',NULL,'McCluremouth','63','2020-05-17 09:30:22','2011-12-26 08:47:25'),(38,'\"','1970-01-13',NULL,'Port Estella','668','1996-02-20 15:41:45','2014-04-22 07:50:55'),(39,'\"','1994-09-15',NULL,'Boscochester','846','1971-11-01 20:52:22','1986-05-10 17:39:48'),(40,'\"','2011-04-12',NULL,'Aliyahburgh','2990331','2018-08-09 03:45:39','1986-12-10 12:19:14'),(41,'\"','1983-12-02',NULL,'South Opalton','500261542','2015-07-19 07:03:46','1985-07-09 14:12:38'),(42,'\"','2013-05-10',NULL,'South Lurlinefort','104040989','1978-04-15 07:26:10','2005-02-25 10:17:10'),(43,'\"','1996-06-29',NULL,'Bobbiebury','67059915','2017-02-23 12:16:01','1998-10-08 09:13:36'),(44,'\"','1975-12-03',NULL,'North June','8','2008-01-29 10:09:50','1982-12-10 09:08:18'),(45,'\"','1986-03-15',NULL,'Port Georgiannaside','176','1975-03-31 11:28:06','2011-03-21 07:00:11'),(46,'\"','2018-04-18',NULL,'Jerdeton','712926','2012-12-12 19:51:35','1976-08-28 00:17:07'),(47,'\"','1990-11-21',NULL,'North Bethfurt','58272','1994-01-17 00:10:59','2001-11-06 01:46:04'),(48,'\"','1971-12-14',NULL,'South Marcellaborough','8464706','1986-06-30 14:53:29','1988-12-22 18:35:04'),(49,'\"','2018-05-10',NULL,'New Christiana','40528','1990-06-13 07:05:35','1973-01-12 17:22:02'),(50,'\"','2016-08-28',NULL,'Lake Lauryn','698771','2017-04-08 23:38:46','2005-11-27 11:42:49'),(51,'\"','1993-12-10',NULL,'Fletatown','','1993-02-15 15:31:13','2004-10-23 21:52:39'),(52,'\"','1997-12-27',NULL,'Port Blaisefurt','740','2015-11-21 02:56:06','1977-02-11 02:35:37'),(53,'\"','1988-05-27',NULL,'West Jenniehaven','19','1983-12-21 21:22:20','1973-06-30 06:09:43'),(54,'\"','1989-06-05',NULL,'Lake Turnertown','7851572','1987-06-14 11:15:47','2005-04-12 21:33:05'),(55,'\"','1990-10-18',NULL,'Port Genesisland','611493223','2012-08-13 18:41:14','1984-01-09 22:08:56'),(56,'\"','2014-01-04',NULL,'Wolfton','','2000-07-21 08:17:40','1981-08-26 18:04:16'),(57,'\"','2018-09-12',NULL,'Lake Emile','5','1988-12-28 12:00:19','1978-06-26 15:23:24'),(58,'\"','2010-10-19',NULL,'Lexiton','874524623','1994-03-03 10:57:24','1990-12-31 06:13:14'),(59,'\"','2015-07-22',NULL,'South Ramonburgh','744','1971-02-05 18:54:43','1974-09-24 21:22:44'),(60,'\"','1997-11-16',NULL,'Coryport','615','1974-12-28 03:09:38','2019-06-15 10:11:30'),(61,'\"','1973-10-21',NULL,'Port Myles','3495','1989-11-01 11:47:08','2010-12-16 12:29:07'),(62,'\"','1995-07-10',NULL,'West Brigitteshire','8549009','2018-06-17 04:26:27','1977-11-11 10:43:21'),(63,'\"','1984-12-27',NULL,'New Albinside','78273553','1981-05-13 14:06:35','1998-06-09 03:56:33'),(64,'\"','1979-09-01',NULL,'Lake Leanne','5270908','2006-05-31 04:28:05','2020-05-24 23:16:58'),(65,'\"','2015-03-27',NULL,'West Willowview','','2014-08-05 02:01:21','2016-12-21 07:45:45'),(66,'\"','2006-11-11',NULL,'Lurlineshire','14093670','1992-03-11 04:54:13','1970-11-21 10:20:18'),(67,'\"','2004-08-05',NULL,'East Ardith','95','1972-10-10 15:43:48','1981-01-14 16:33:45'),(68,'\"','1972-02-02',NULL,'South Clydeshire','26222','1978-09-07 02:51:35','1972-03-14 19:48:50'),(69,'\"','1986-02-25',NULL,'Lake Dustyville','882855','1996-03-12 16:27:52','1970-01-07 02:50:57'),(70,'\"','1983-08-09',NULL,'Waylonview','','1970-01-01 10:55:25','1984-01-12 13:15:47'),(71,'\"','1983-11-05',NULL,'Gunnarland','63964654','1990-12-25 21:52:59','1970-10-29 05:11:05'),(72,'\"','1999-05-05',NULL,'Lake Cristian','2','1981-09-13 19:27:06','1985-11-25 12:19:22'),(73,'\"','1991-08-16',NULL,'East Karson','891660086','1979-10-03 00:35:00','2015-04-06 17:10:36'),(74,'\"','2016-06-27',NULL,'Orlobury','9','1971-02-06 06:01:11','2017-12-18 04:37:12'),(75,'\"','1974-08-17',NULL,'Marksland','67','1970-07-21 20:19:42','2010-04-17 16:36:59'),(76,'\"','1979-12-05',NULL,'Port Mayeland','363','2017-12-31 19:25:10','2003-02-10 18:18:53'),(77,'\"','2007-09-19',NULL,'Julianamouth','','2011-09-02 01:32:28','1991-05-07 20:44:12'),(78,'\"','1972-09-06',NULL,'Lake Friedastad','957320','1993-02-12 18:43:10','1972-06-17 04:18:45'),(79,'\"','1979-02-03',NULL,'West Bentonstad','86943703','1970-01-21 17:02:32','2000-04-29 06:24:36'),(80,'\"','1976-11-22',NULL,'Schuppeside','','1996-02-06 20:21:24','2018-09-26 21:46:56'),(81,'\"','2018-10-13',NULL,'New Princessfurt','243','1980-07-17 12:14:20','1994-05-03 03:42:54'),(82,'\"','2009-01-21',NULL,'Jaskolskiport','5789875','2001-05-07 08:08:11','1986-06-09 10:20:41'),(83,'\"','1995-08-19',NULL,'Bretshire','455275989','2012-11-01 10:02:33','1985-08-13 21:13:35'),(84,'\"','1982-12-23',NULL,'North Natbury','','1979-12-04 02:30:21','2006-01-22 18:15:37'),(85,'\"','1996-11-08',NULL,'Abelville','591902351','2002-02-08 06:44:13','1990-04-27 20:01:37'),(86,'\"','1972-04-20',NULL,'Lake Bennyburgh','300','1997-05-20 00:17:54','1978-03-22 05:32:33'),(87,'\"','2000-04-03',NULL,'Pricefort','10','2000-11-27 09:33:50','2009-03-31 14:46:46'),(88,'\"','2015-12-05',NULL,'Jadonhaven','70869','2007-10-01 17:40:53','1980-07-13 17:55:59'),(89,'\"','1974-02-06',NULL,'New Avachester','485123695','1977-10-11 22:48:02','2002-03-30 11:16:33'),(90,'\"','2006-12-28',NULL,'Kingshire','','2007-09-01 01:10:41','1991-04-17 16:58:46'),(91,'\"','2012-09-27',NULL,'Batzville','53','1990-02-21 08:31:35','1973-05-05 09:42:17'),(92,'\"','1974-02-21',NULL,'Stammborough','2023','2017-11-12 01:26:26','2002-03-31 23:55:44'),(93,'\"','2018-01-01',NULL,'East Tressietown','46985316','2016-06-03 01:38:17','2011-05-04 16:17:39'),(94,'\"','1987-07-27',NULL,'O\'Reillyborough','19788','2003-11-09 18:11:46','1971-06-02 09:40:54'),(95,'\"','2008-03-07',NULL,'Port Dovieberg','51860636','2013-04-03 07:16:49','1983-10-10 12:14:45'),(96,'\"','1971-08-01',NULL,'South Brettside','28006','2006-02-28 15:53:13','2018-10-28 03:04:39'),(97,'\"','2010-07-08',NULL,'North Tianastad','','1987-08-06 13:51:30','1983-06-04 10:18:17'),(98,'\"','1981-05-01',NULL,'West Albertohaven','1561','1994-03-13 07:53:22','1978-07-28 15:24:51'),(99,'\"','2001-09-06',NULL,'West Austynberg','392774','1977-03-11 02:41:55','2004-10-17 07:42:27'),(100,'\"','1990-08-14',NULL,'Lake Mina','47332','2009-07-09 02:12:25','1998-05-13 01:48:32'),(101,'\"','1981-11-22',NULL,'East Dalton','1298','2001-08-30 14:27:02','1995-06-21 21:10:44'),(102,'\"','1981-02-26',NULL,'Port Jamarbury','6','2006-07-13 22:19:02','1987-04-24 07:24:18'),(103,'\"','2007-08-28',NULL,'Babytown','5','2014-03-07 18:41:17','1994-09-30 01:55:13'),(104,'\"','1975-09-30',NULL,'Torpbury','','2015-05-09 00:11:35','2016-01-23 14:45:46'),(105,'\"','1982-02-26',NULL,'Auermouth','575','1979-02-07 09:01:31','1973-06-21 19:06:32'),(106,'\"','1994-09-21',NULL,'New Arnoldoville','697208','1983-07-30 01:11:33','2004-12-30 18:22:45'),(107,'\"','2005-08-12',NULL,'Lake Florine','142743','2009-05-04 21:12:03','2011-08-02 00:31:25'),(108,'\"','1979-12-04',NULL,'Port Neomaside','8057146','1986-04-08 17:38:01','1994-07-14 21:56:49'),(109,'\"','1991-06-05',NULL,'East Letitia','3','1987-07-06 03:43:34','1984-02-24 04:29:26'),(110,'\"','2017-02-05',NULL,'North Cordellshire','5087444','1991-01-28 09:57:10','1986-06-07 03:51:29');
UNLOCK TABLES;

DROP TABLE IF EXISTS `users`;
CREATE TABLE `users` (
  `id` int unsigned NOT NULL AUTO_INCREMENT COMMENT 'Идентификатор строки',
  `first_name` varchar(100) CHARACTER SET utf8 COLLATE utf8_unicode_ci NOT NULL COMMENT 'Имя пользователя',
  `last_name` varchar(100) CHARACTER SET utf8 COLLATE utf8_unicode_ci NOT NULL COMMENT 'Фамилия пользователя',
  `email` varchar(100) CHARACTER SET utf8 COLLATE utf8_unicode_ci NOT NULL COMMENT 'Почта',
  `phone` varchar(100) CHARACTER SET utf8 COLLATE utf8_unicode_ci NOT NULL COMMENT 'Телефон',
  `created_at` datetime DEFAULT CURRENT_TIMESTAMP COMMENT 'Время создания строки',
  `updated_at` datetime DEFAULT CURRENT_TIMESTAMP ON UPDATE CURRENT_TIMESTAMP COMMENT 'Время обновления строки',
  PRIMARY KEY (`id`),
  UNIQUE KEY `email` (`email`),
  UNIQUE KEY `phone` (`phone`)
) ENGINE=InnoDB AUTO_INCREMENT=111 DEFAULT CHARSET=utf8 COLLATE=utf8_unicode_ci COMMENT='Пользователи';

LOCK TABLES `users` WRITE;
INSERT INTO `users` VALUES (1,'Celestine','Stark','ybahringer@example.org','390-138-5184x736','1977-05-31 07:46:28','1984-05-07 21:46:18'),(2,'Clovis','Crist','xebert@example.net','02716225136','1994-01-30 09:30:35','2009-03-23 07:37:08'),(3,'Brandy','Bayer','bechtelar.garry@example.com','+78(4)0401792032','2014-02-04 03:50:49','2000-01-18 20:46:44'),(4,'Kurt','Renner','lorena05@example.net','(017)037-8874x3093','1990-10-14 16:15:17','2018-02-02 18:09:34'),(5,'Lawson','Gorczany','jazmyn86@example.org','(819)168-2925','2006-08-14 05:04:24','2013-07-24 00:44:24'),(6,'Leda','Wisozk','geoffrey34@example.net','739-217-1636','2013-07-15 03:58:40','1996-10-24 12:43:37'),(7,'Lewis','Sipes','kraig.o\'conner@example.org','(919)481-5760x41716','2013-11-18 16:09:58','2012-04-15 12:38:06'),(8,'Allene','Schmitt','oyost@example.org','1-799-599-0735','1983-12-25 07:44:34','2008-12-01 18:22:44'),(9,'Carlee','Anderson','shemar.herzog@example.com','518-804-1846x489','1970-05-12 02:45:47','2007-09-17 04:21:39'),(10,'Neal','Hegmann','jwolf@example.org','(732)524-6387x86584','1994-09-05 15:04:13','1983-06-04 00:57:51'),(11,'Lue','Gleichner','padberg.yazmin@example.com','895.400.2459','2019-09-13 01:31:13','1999-03-07 23:37:45'),(12,'Grace','Oberbrunner','rice.mya@example.net','(926)965-4361x19932','2007-04-21 10:44:46','1974-12-23 10:35:26'),(13,'Kaitlyn','Hilpert','mariane.goldner@example.com','1-678-145-4567x910','1995-01-11 22:16:59','1977-09-17 22:11:20'),(14,'Yvette','Kris','isabel84@example.com','854.277.1317x49769','1991-01-06 09:13:24','1980-07-21 07:11:06'),(15,'Bobby','Reynolds','stamm.lysanne@example.net','+95(3)6821667075','1981-09-09 11:54:24','1981-10-20 06:43:03'),(16,'Connor','Welch','muller.elwin@example.net','258.733.6564','2003-02-09 18:54:06','2012-09-10 00:47:40'),(17,'Nikko','Weimann','aiden23@example.net','(401)059-0658x7438','1996-11-17 02:06:29','1997-07-29 20:20:55'),(18,'Maurine','Gerhold','elaina03@example.net','(690)982-7862','1971-03-25 18:45:52','1998-02-26 00:40:40'),(19,'Tobin','Sauer','jackeline.terry@example.org','(545)286-4554','2007-10-21 10:19:03','2017-10-02 00:46:14'),(20,'Caitlyn','Spencer','rashad63@example.com','902-674-8108x1482','2001-12-30 13:46:13','1997-01-02 04:21:46'),(21,'Janae','Erdman','destini17@example.org','(036)898-6871','2014-06-14 18:10:41','1982-11-22 07:44:10'),(22,'Kristina','Gulgowski','vreichert@example.com','(512)739-8702x123','2011-04-24 11:36:31','2016-02-11 12:36:19'),(23,'Casey','Feeney','kuhn.jake@example.org','1-697-016-8255','2002-10-06 22:52:45','2000-06-24 08:16:15'),(24,'Sydni','Howell','louisa.blanda@example.org','07175746059','1999-08-14 09:48:01','2001-07-22 02:02:08'),(25,'Joan','Rutherford','loraine.rutherford@example.net','1-839-602-0598x42415','2006-10-19 09:59:29','2003-09-10 02:00:18'),(26,'Arnoldo','Daniel','dtrantow@example.org','(546)771-2272','2013-06-17 03:25:16','1981-01-01 00:20:37'),(27,'Flavio','Cremin','fahey.alvis@example.com','430.433.5653','2014-12-23 23:06:25','1973-05-24 09:03:45'),(28,'Jacynthe','Kling','kerluke.ernest@example.com','(017)408-1994','1983-11-09 18:30:43','1993-11-09 01:28:56'),(29,'Jazmyn','Cronin','kozey.christa@example.net','1-301-579-7440x5187','1979-07-16 09:51:59','2002-08-30 07:28:15'),(30,'Eddie','Bins','pacocha.felipa@example.net','091.381.6849','1993-07-09 08:36:29','1998-12-06 14:03:25'),(31,'Loyce','Hermann','javon.anderson@example.com','(676)874-6755','2020-05-22 00:07:40','1990-03-23 00:50:35'),(32,'Jalon','Beahan','xyost@example.org','642-579-8798','1983-08-20 10:22:35','1972-07-17 09:22:52'),(33,'Bettye','Pollich','zackary05@example.net','027.429.7140x1070','1990-05-08 21:45:39','1992-09-21 03:04:21'),(34,'Bethany','Rutherford','funk.ansley@example.com','1-645-860-5663x5072','2004-12-03 12:09:17','2002-01-13 06:25:33'),(35,'Miguel','Wiegand','paige.medhurst@example.com','1-823-830-5699','2016-03-31 22:46:55','2005-08-04 09:01:47'),(36,'Wayne','Denesik','fernser@example.net','1-920-659-5209x827','1973-09-23 06:28:32','2012-12-02 17:36:26'),(37,'Randall','Hartmann','kohler.angelina@example.com','+64(9)0576221352','1991-08-09 23:31:10','1995-08-15 22:46:02'),(38,'Elsie','Mohr','kihn.cary@example.com','(093)213-5379','1975-12-05 20:22:29','2016-12-23 07:34:08'),(39,'Shania','Green','fhuel@example.com','1-291-204-3049x2714','1972-07-24 19:24:03','1977-08-01 11:58:38'),(40,'Elise','Carter','dare.earnestine@example.org','(581)559-9954x15245','1970-11-05 22:35:06','2008-02-04 17:49:32'),(41,'Kaitlin','Koepp','swift.betty@example.com','1-635-818-6588','2011-09-19 09:39:04','1978-08-16 17:35:50'),(42,'Nakia','Monahan','torrance43@example.net','923-153-9306','1993-10-20 17:01:05','1980-12-11 05:59:53'),(43,'Leopold','Johnson','derrick28@example.net','(970)550-3315x3939','2013-07-02 12:26:10','1985-01-24 06:05:51'),(44,'Judson','Gorczany','ashley.rosenbaum@example.net','724-258-8724x4266','1988-07-19 20:39:40','1981-09-22 23:31:38'),(45,'Alyson','Schuppe','sylvan.stokes@example.org','1-728-235-5210x335','1985-07-17 22:28:04','1981-10-14 04:39:50'),(46,'General','Mueller','sdeckow@example.com','(960)613-2432x822','1995-01-01 08:45:26','1970-03-26 21:43:26'),(47,'Cecilia','Wuckert','mann.creola@example.com','(827)193-0694','1981-05-15 08:17:31','1984-02-20 07:38:09'),(48,'Caesar','Hintz','laney10@example.net','869-277-1224','1996-10-22 11:32:54','1993-09-15 16:55:56'),(49,'Matt','Keebler','orval63@example.com','666-153-5342x5514','1994-08-10 00:40:31','1985-11-08 03:17:52'),(50,'Horace','Roob','naomi62@example.com','(281)457-0454','1978-09-04 09:49:47','2000-11-29 21:32:20'),(51,'Camilla','Schoen','autumn.hintz@example.org','845.503.4163x6068','2007-12-20 11:52:00','1997-07-22 21:06:55'),(52,'Candace','Kuhic','xullrich@example.com','1-127-071-3596','2014-11-11 22:06:28','2007-10-01 11:25:48'),(53,'Jerod','Smitham','elda.dickinson@example.net','1-583-175-2352x910','2019-03-19 04:38:08','1978-12-23 10:49:14'),(54,'Elody','Harvey','schaefer.tanya@example.org','551.635.8441x26618','2017-02-07 21:55:53','1978-09-30 22:49:43'),(55,'Janet','Shields','dturner@example.org','(969)979-8703x54255','1989-10-31 12:48:50','2017-02-06 13:18:54'),(56,'Adolf','Stroman','jaden.kohler@example.net','973.736.0419x736','1976-09-28 03:32:58','1974-01-07 22:53:03'),(57,'Aniya','Boehm','cartwright.emmanuelle@example.net','1-741-435-8643x5302','2013-10-02 19:53:17','2004-10-13 04:40:18'),(58,'Nellie','Rowe','gisselle31@example.org','03381829523','1991-05-17 23:18:35','1992-06-22 11:16:35'),(59,'Deonte','Corwin','asha10@example.com','(681)640-3403','1973-06-26 23:08:46','1996-04-17 01:32:44'),(60,'Cristobal','Kihn','morar.derek@example.org','1-740-184-2948','2018-06-20 12:02:16','1994-07-19 04:52:52'),(61,'Caleigh','Lehner','sbayer@example.org','763.670.0529x4337','1974-11-04 08:07:48','1988-10-12 10:54:23'),(62,'Samanta','White','schaden.lura@example.org','+43(4)3666529924','1991-10-16 08:38:50','1980-11-18 20:31:33'),(63,'Jefferey','Kilback','dmertz@example.org','02169133020','1978-11-05 13:42:31','2000-08-20 05:07:39'),(64,'Kay','Lang','rowe.brigitte@example.org','1-775-612-8744x3702','1977-08-02 20:15:12','2002-05-30 12:29:48'),(65,'Marilou','Bartoletti','sydni72@example.org','852.251.9595x0096','2016-12-16 11:19:38','2005-10-16 16:59:00'),(66,'Kamille','Heaney','adan.grant@example.net','(311)634-0768','2009-12-22 23:58:28','2009-06-19 09:40:04'),(67,'Maxwell','Swift','ikemmer@example.com','1-378-379-1018','1983-04-03 12:24:12','1986-09-18 01:12:20'),(68,'Destinee','Wiza','courtney.fay@example.org','319.424.8901','1991-02-26 05:56:36','1982-10-04 05:45:24'),(69,'Sharon','Kautzer','golda.gaylord@example.net','672.895.7807x154','1974-01-25 12:13:57','1975-07-14 10:58:23'),(70,'Maybelle','Gibson','presley92@example.net','658.068.4648x1479','1992-05-04 01:10:42','1976-01-22 09:53:16'),(71,'Hector','Konopelski','aiden.cummings@example.net','06175768663','1993-09-15 10:21:18','2006-11-20 19:38:53'),(72,'Milo','Brakus','alexane64@example.com','525.997.1651x6184','2015-02-04 03:34:55','2015-11-27 01:07:44'),(73,'Mona','Lind','satterfield.hilda@example.com','181-335-6434x448','2001-03-05 05:07:56','1978-11-08 12:49:06'),(74,'Katheryn','Roob','weimann.sharon@example.org','308-555-1162x5184','1993-10-27 23:58:03','1995-07-23 18:29:59'),(75,'Percival','Harris','stark.keshaun@example.com','242.435.6352x20177','1975-12-16 02:17:11','2016-03-26 23:40:28'),(76,'Mylene','Oberbrunner','berniece.huels@example.org','(520)761-4436x71712','1994-10-09 20:58:18','1990-02-28 08:07:06'),(77,'Lacy','Hettinger','balistreri.treva@example.org','992.018.4439','2001-04-01 11:07:44','1991-07-20 07:07:41'),(78,'Judd','Funk','hammes.malika@example.com','1-253-769-3128x698','2007-08-11 13:43:12','1981-11-03 11:48:11'),(79,'Meredith','Lockman','vfeest@example.org','1-856-631-4132','2017-08-12 10:55:19','2012-02-09 00:20:21'),(80,'Halie','Nolan','fdoyle@example.org','(823)644-5746x0655','1999-11-23 22:45:54','2008-12-20 09:22:11'),(81,'Joshuah','Altenwerth','keith89@example.net','071-959-0821x79879','1999-04-05 05:17:21','1994-07-30 03:21:25'),(82,'Katherine','Gutkowski','qwolff@example.net','692.297.6568x033','1976-08-04 02:44:42','1971-12-22 06:33:43'),(83,'Ara','Hagenes','beer.itzel@example.org','371-920-7232x88023','1986-04-15 09:48:12','1982-11-26 17:42:41'),(84,'Mercedes','Watsica','cstreich@example.net','652.136.4291','1972-06-05 06:02:22','2005-01-16 00:13:06'),(85,'Ricardo','Gleichner','agreen@example.com','+23(6)9053568180','1985-08-02 22:31:37','1981-01-06 12:41:17'),(86,'Moises','Nader','hyatt.jeffry@example.com','1-972-218-9965','2014-04-08 18:55:48','1975-08-08 20:33:08'),(87,'Nicklaus','Herzog','xfeest@example.net','(697)199-6730x12963','1975-07-15 08:59:03','2015-07-02 06:30:20'),(88,'Deshaun','Nicolas','shields.anabelle@example.net','1-986-687-6631x042','1991-07-18 23:15:03','2017-01-27 13:09:34'),(89,'Annetta','Marvin','joseph60@example.com','(788)709-3397x9112','1974-05-29 09:38:40','2011-11-16 07:05:38'),(90,'Taya','Gerhold','jmaggio@example.com','06042875049','1971-05-19 21:48:10','1971-03-17 05:57:02'),(91,'Lavinia','Hintz','aracely71@example.net','1-625-742-7196x0836','1974-07-07 05:13:20','1991-03-31 23:15:38'),(92,'Bobbie','Funk','allan.mcglynn@example.org','(303)454-9944','1982-10-03 23:57:36','1995-04-26 22:29:30'),(93,'Alf','Wilkinson','ukuphal@example.com','(182)733-5584x410','2004-03-06 05:33:39','1998-02-21 02:32:22'),(94,'Vida','Hansen','ldoyle@example.com','806-980-6942','2003-01-13 23:14:11','1984-04-23 16:12:35'),(95,'Carroll','Schuppe','mikayla.vonrueden@example.org','05627581696','1977-03-01 21:30:17','2004-09-04 16:59:44'),(96,'Eric','Will','eva.leffler@example.net','1-596-465-8965','2017-11-12 20:21:41','1986-05-11 20:55:49'),(97,'Vincenzo','Russel','frederic15@example.com','(545)034-4485','2015-08-04 05:42:09','2007-06-12 17:55:32'),(98,'Forest','Lockman','barrows.pascale@example.net','(740)624-9479x81971','1992-07-04 02:12:51','1977-05-27 06:25:38'),(99,'Garnet','Douglas','ernest89@example.com','388-790-5556x11192','1972-01-09 19:16:29','1990-09-09 21:35:37'),(100,'Juwan','Larson','schinner.weldon@example.com','1-079-471-0642x135','1984-03-23 21:34:23','2018-10-28 23:51:23'),(101,'Chelsey','Koch','sonia.wilderman@example.net','1-247-878-5655','2006-02-16 06:31:06','1992-01-26 12:07:32'),(102,'Moshe','Stanton','isipes@example.com','1-099-876-1950','1999-11-24 21:20:07','1997-06-09 03:15:09'),(103,'Kelsie','Mertz','darryl56@example.org','07936651560','2012-10-10 20:16:17','1973-02-08 20:23:14'),(104,'Kathryne','Fisher','stokes.coy@example.net','1-792-108-9585','2012-10-22 07:27:21','1983-03-30 17:28:24'),(105,'Anya','Tillman','leanne68@example.com','1-857-031-0380x057','1971-09-06 04:08:55','2012-10-29 07:53:23'),(106,'Madilyn','Rice','hyatt.vickie@example.net','1-294-581-7272x1556','1983-10-30 06:46:56','1998-07-05 10:26:19'),(107,'Jettie','Runte','bwyman@example.com','380.893.1547x068','1993-11-03 09:55:23','2013-04-16 13:10:00'),(108,'Bobby','Wilderman','della.rath@example.org','1-658-350-1700x49318','2004-11-12 17:50:31','2000-10-22 14:02:03'),(109,'Brionna','Boehm','myrtice.mohr@example.com','519-544-8051','2013-04-05 07:34:36','1973-03-03 12:06:24'),(110,'Garnet','Streich','johnston.sydnee@example.net','850-461-0391x51620','1980-08-07 19:10:57','1992-04-16 03:00:19');
UNLOCK TABLES;


DESC friendship;
ALTER TABLE friendship DROP COLUMN created_at; 

DESC messages;
ALTER TABLE messages ADD COLUMN is_modified BOOLEAN AFTER is_delivered;

DESC profiles;
ALTER TABLE profiles DROP COLUMN created_at;

DESC media_types;
ALTER TABLE media_types DROP COLUMN updated_at;



SHOW TABLES;

SELECT * FROM users LIMIT 10;

DESC users;

UPDATE users SET updated_at = CURRENT_TIMESTAMP WHERE created_at > updated_at;

DESC profiles;

SELECT * FROM profiles LIMIT 10;

UPDATE profiles SET photo_id = FLOOR(1 + RAND() * 100);

CREATE TEMPORARY TABLE genders (name CHAR(1));

INSERT INTO genders VALUES ('m'), ('f'); 

SELECT * FROM genders;

UPDATE profiles SET gender = (SELECT name FROM genders ORDER BY RAND() LIMIT 1);

UPDATE profiles 
  SET gender = (SELECT name FROM genders ORDER BY RAND() LIMIT 1);

CREATE TEMPORARY TABLE countries (name VARCHAR(150));

INSERT INTO countries VALUES ('Russian Federation'), ('Germany'), ('Belarus');

SELECT * FROM countries;

UPDATE profiles 
  SET country = (SELECT name FROM countries ORDER BY RAND() LIMIT 1);  

SHOW TABLES;

DESC messages;

SELECT * FROM messages LIMIT 10;

UPDATE messages SET 
  from_user_id = FLOOR(1 + RAND() * 100),
  to_user_id = FLOOR(1 + RAND() * 100);

DESC media;

SELECT * FROM media LIMIT 10;

SELECT * FROM media_types;

DELETE FROM media_types;

INSERT INTO media_types (name) VALUES
  ('photo'),
  ('video'),
  ('audio')
;

TRUNCATE media_types;

SELECT * FROM media LIMIT 10;

UPDATE media SET media_type_id = FLOOR(1 + RAND() * 3);
UPDATE media SET user_id = FLOOR(1 + RAND() * 100);

CREATE TEMPORARY TABLE extensions (name VARCHAR(10));

INSERT INTO extensions VALUES ('jpeg'), ('avi'), ('mpeg'), ('png');

SELECT * FROM extensions;

UPDATE media SET filename = CONCAT('https://dropbox/vk/',
  filename,
  '.',
  (SELECT name FROM extensions ORDER BY RAND() LIMIT 1)
);

UPDATE media SET size = FLOOR(10000 + (RAND() * 1000000)) WHERE size < 1000;

UPDATE media SET metadata = CONCAT('{"owner":"', 
  (SELECT CONCAT(first_name, ' ', last_name) FROM users WHERE id = user_id),
  '"}');  

ALTER TABLE media MODIFY COLUMN metadata JSON;

DESC friendship;

SELECT * FROM friendship LIMIT 10;

UPDATE friendship SET 
  user_id = FLOOR(1 + RAND() * 100),
  friend_id = FLOOR(1 + RAND() * 100);

UPDATE friendship SET friend_id = friend_id + 1 WHERE user_id = friend_id;
 
SELECT * FROM friendship_statuses;

TRUNCATE friendship_statuses;

INSERT INTO friendship_statuses (name) VALUES
  ('Requested'),
  ('Confirmed'),
  ('Rejected');
 
UPDATE friendship SET status_id = FLOOR(1 + RAND() * 3); 

DESC communities;

SELECT * FROM communities;

DELETE FROM communities WHERE id > 20;

SELECT * FROM communities_users;

UPDATE communities_users SET community_id = FLOOR(1 + RAND() * 20);


